year,ML top 20% (gbm),All investable buys,CEO/CFO buys,Cluster buys,Opportunistic buys,"Track-record insiders (point-in-time)",ML bottom 20% (gbm),ML top 20% (logit),ML top 20% (adaboost),Long-short: ML top - bottom 20% (gbm),IWM (buy & hold),SPY (buy & hold)
2016,0.2826202170965426,0.399691083654631,0.2969610617152816,0.4143573659684294,0.238597423078736,0.3520916145136148,0.5127084487241944,0.4785693507785056,0.3641173413805632,-0.24887991992434555,0.24475992,0.13585877
2017,-0.021351400079472005,0.12552822181354806,0.026124965909382958,0.09374355583651806,0.12279699333773153,0.08632733211509414,0.05808891102722047,0.08386534254027134,0.054030322494449834,-0.15658409706600263,0.1458255,0.21705163
2018,0.07148524604050732,-0.04957768507585136,-0.08487901804921427,-0.017170583104607173,-0.03282722568722318,-0.047519289811948306,-0.1655333478554285,0.0826529068047519,-0.05931537275658738,0.1574803842467789,-0.111211896,-0.045687854
2019,0.1339540879141643,0.17515898759284187,0.2742115672617509,0.1441872706907914,0.1991563670615737,0.022377959422135385,0.06145547825873576,0.06252156985212287,0.018064300955938695,-0.02682233919181043,0.25389516,0.31223607
2020,0.23818419044979433,0.2074391374756741,0.30326656744436553,0.20260962859412857,0.19250862126366997,0.23579303784423655,0.0033983501488585866,0.293776927049723,0.06990500950334289,0.14141342243606614,0.20030999,0.18331587
2021,0.17913845567237163,0.19532411580048303,0.1681351620951108,0.18191492795669606,0.22087375677152465,0.12604397218613994,0.21354824968501562,0.20386085565956624,0.1516706157395089,-0.1844147796838277,0.14536142,0.28728843
2022,-0.16969386317271795,-0.2826181804397101,-0.3166586940759216,-0.28475717892873365,-0.19777719519629955,-0.27489236109489645,-0.4928611330711664,-0.26641997563236475,-0.04624596000879988,0.49866926696401603,-0.20484865,-0.1817534
2023,0.1023940196800246,0.096312736308662,0.09643393596795846,0.08579492802081057,0.07191367761480127,0.09869650579983258,-0.3270394079314507,0.15223260951291762,0.014937510380428787,0.4361887814475076,0.16827905,0.26175582
2024,0.22771529476520147,0.07275285166260059,0.012710522720088102,0.09671961397672524,0.1253078518313655,0.09420659920356389,-0.12552506815108821,0.08921558694656562,0.15561599946094384,0.26374524955032164,0.113836765,0.24886656
2025,0.14635862757156182,0.06064008495750661,0.03840172664839714,0.04461400426340867,0.08270444348031325,0.07856131628569907,-0.08768410651538638,0.06792259400531009,-0.018430607038353752,0.11818289880882182,0.12657797,0.17719209
2026,0.08952720875353748,0.16303740348802154,0.14805814843110188,0.15108856837948093,0.23233224809579078,0.27167852790558045,0.13217321294120654,0.09079452122408438,0.06677214336920523,-0.12235952832025254,0.22101676,0.09943032
