strategy,start,end,cagr,vol,sharpe,sortino,max_dd,calmar,sharpe_ci_low,sharpe_ci_high,deflated_sharpe_prob,gross_sharpe,hedged_vs_iwm_ann_return,hedged_vs_iwm_sharpe,ff6_alpha_ann,ff6_alpha_t,beta_mkt,beta_smb,avg_positions,trades_per_year
ML top 20% (gbm),2016-01-05,2026-07-01,0.11504666893472715,0.2672738295151115,0.4575858332725843,0.5912905374508379,-0.5664722671649992,0.20309320615199142,-0.1913121687537907,1.1471638507976203,0.6974624993366254,0.5465209747628823,0.010041720457822843,0.06805570080907838,0.012335141905879626,0.28714279082901695,0.9448470346430451,0.7390295208952655,263.2207792207792,1076.4818355640534
All investable buys,2016-01-05,2026-07-01,0.09732962631589337,0.23295650875843552,0.4190107182295411,0.5572492785154176,-0.4802325683223452,0.20267185679619104,-0.20232498850243888,1.0778105460879992,0.6530066836718261,0.5284240558412325,-0.014643764648324325,-0.18588170011548907,-0.011489994438746851,-0.5850478450081424,0.9270628609815506,0.7844591210190467,1522.1688311688313,6225.1434034416825
CEO/CFO buys,2016-01-05,2026-07-01,0.07526998133198859,0.2465934459268001,0.3266811543747154,0.45121790575710774,-0.5071430203459126,0.14841963373694536,-0.3203525647868324,1.0315022930648372,0.5389028809181383,0.43175044095275517,-0.03170069692518475,-0.30384728935381844,-0.02564266946051061,-0.8532845527964485,0.9267958783102481,0.825189938752103,336.01558441558444,1374.187380497132
Cluster buys,2016-01-05,2026-07-01,0.09285328170183682,0.23749114147937125,0.3982118081666655,0.5368924593281361,-0.4895596284164878,0.18966695027973762,-0.24436309393876618,1.0368467663255514,0.6282856525419727,0.5083287978204264,-0.017684679720248297,-0.18579869952583317,-0.012098378088072041,-0.4864839069521746,0.9102220856574157,0.7887151893371059,922.7220779220779,3773.613766730401
Opportunistic buys,2016-01-05,2026-07-01,0.1118174321905494,0.22624480249903034,0.4826116322964444,0.6330824300348219,-0.4420714958084214,0.252939701497984,-0.13918249008322503,1.143753372703071,0.724471070566021,0.5996545682989879,-0.0030694117457082943,-0.035169347066882815,0.0035498273831914306,0.1529235134235974,0.8917416899440207,0.7259452488189315,300.038961038961,1227.0554493307839
"Track-record insiders (point-in-time)",2016-01-05,2026-07-01,0.08638331889302253,0.23303595203676294,0.37586758064718506,0.4956746377316037,-0.5106955183904336,0.16914837859803056,-0.23803817226780413,1.0208936786169494,0.6008362347567795,0.487210897217347,-0.02466909216274273,-0.2504909835997292,-0.022939111129660322,-0.8599743062756265,0.9057145629851254,0.7755229180687757,278.5090909090909,1139.005736137667
ML bottom 20% (gbm),2016-01-05,2026-07-01,-0.058501613845846956,0.2792047855438241,-0.15657110375282662,-0.21900472306708418,-0.8497806790119524,-0.06884319129715599,-0.7546638307650458,0.445140811509,0.07126443819520724,-0.05101215340206084,-0.155990760274322,-0.9431357728998587,-0.1479383490300341,-2.9916316795752014,0.9101869166546859,0.8743582552224369,268.5038961038961,1098.0879541108986
ML top 20% (logit),2016-01-05,2026-07-01,0.11347161233912262,0.23572261031605413,0.4789363884488195,0.6269679109788792,-0.5206967183696392,0.21792265696318422,-0.16619244236235292,1.1697683064301223,0.7204125015862084,0.5925363882857976,0.0006438450425697258,0.0058988383322289804,0.007622479296969889,0.2523951291484621,0.8926166483642356,0.733427491942484,327.2025974025974,1338.1453154875717
ML top 20% (adaboost),2016-01-05,2026-07-01,0.06783592281254713,0.22542429574915115,0.3045252299181902,0.385757915901769,-0.5243779575396036,0.12936455821071358,-0.2752237123625193,0.9674573038582603,0.5104965227675906,0.4174581406007407,-0.043608328353502604,-0.37492807681654494,-0.03760535998029872,-1.2489706245362349,0.8696196062163026,0.6030226862702731,296.4623376623377,1212.4282982791585
Long-short: ML top - bottom 20% (gbm),2016-01-05,2026-07-01,0.056267161497357776,0.21094978243327694,0.2584276562861838,0.34528667123533285,-0.4597883433087312,0.122376224443725,-0.30736811535814723,0.9125275664607904,0.45138576769060285,0.6536114126498924,-0.05776120179986973,-0.18461731256875402,0.04866566902984542,0.7532938318432615,0.03518193459347062,-0.13517310881723701,531.7246753246753,2174.569789674952
IWM (buy & hold),2016-01-05,2026-07-01,0.11453461647033691,0.2291353005061393,0.4899239177280879,0.6574647776449105,-0.4113315939903259,0.2784483730792999,,,,,,,-0.013594954348443855,-1.7270468887413082,1.0032430490847364,0.845291605058314,,
SPY (buy & hold),2016-01-05,2026-07-01,0.15211308002471924,0.17842599260617573,0.7567092600539421,0.9156589237043368,-0.33717334270477295,0.4511420726776123,,,,,,,-0.0015986379663275616,-0.5168001454486978,0.9850454303732056,-0.10507165685754216,,
