strategy,cost_multiplier,sharpe,cagr
ML top 20% (gbm),0.0,0.5465209747628823,0.14186580875015298
ML top 20% (gbm),0.5,0.5020576390505147,0.12837737092796786
ML top 20% (gbm),1.0,0.4575858332725843,0.11504666893472715
ML top 20% (gbm),1.5,0.413107192625512,0.10187187606336079
ML top 20% (gbm),2.0,0.3686233531950215,0.08885118656170499
ML top 20% (gbm),3.0,0.2796466249676994,0.06326499800712737
Opportunistic buys,0.0,0.5996545682989879,0.1416218956240074
Opportunistic buys,0.5,0.5411310821504358,0.12662202340851447
Opportunistic buys,1.0,0.4826116322964444,0.1118174321905494
Opportunistic buys,1.5,0.4240993954801357,0.09720560129486233
Opportunistic buys,2.0,0.36559754467462596,0.08278404231956338
Opportunistic buys,3.0,0.24863766900442053,0.05450194543457565
All investable buys,0.0,0.5284240558412325,0.12565026392167833
All investable buys,0.5,0.4737195489953366,0.111400579870651
All investable buys,1.0,0.4190107182295411,0.09732962631589337
All investable buys,1.5,0.3643002169103463,0.08343518023988072
All investable buys,2.0,0.30959069790519034,0.0697150460576732
All investable buys,3.0,0.20018521195633668,0.04278906618595646
