filing_date,purchase_events,has_ticker_candidate,has_price_data,price_validated,tradeable_entry
2010,16365,16042,5670,5426,5426
2011,17961,17625,7398,7069,7069
2012,15334,15047,6921,6521,6521
2013,12842,12542,5777,5382,5382
2014,14688,14499,6925,6614,6614
2015,16662,16442,8226,7904,7904
2016,14239,14041,7714,7408,7408
2017,12264,11976,6981,6616,6616
2018,14382,14084,8874,8435,8435
2019,13211,12928,8600,8136,8136
2020,15741,15522,10914,10333,10333
2021,11873,11586,8439,7844,7844
2022,14306,13991,11113,10795,10795
2023,12503,12234,10317,10044,10044
2024,9743,9392,8590,8300,8300
2025,9713,9395,9070,8842,8842
2026,2269,2185,2162,2098,2098
total,224096,219531,133691,127767,127767
