group,n_events,bhar_1d,t_1d,bhar_5d,t_5d,bhar_21d,t_21d,bhar_63d,t_63d,bhar_126d,t_126d,median_63d,pct_positive_63d,bhar_vs_spy_63d,abn_trade_to_filing,abn_overnight_gap
All purchases,108751,0.00324945507603646,18.079629522448734,0.005780100580689233,11.924128529697521,0.004683310653500021,3.09668936907446,0.0024096956219568,0.818018467219215,-0.0011672314463577968,-0.3040141101288901,-0.012479448985318164,0.4648325072872893,-0.001984493436274015,0.005489278,0.0073415316
Purchases - investable,78327,0.002815099043080941,13.901165634582938,0.0044685684961747185,8.410076807182314,0.003302203401579498,1.9632299751652469,-0.00013034047249033627,-0.040857593898677685,-0.006887095070664337,-1.7165775732543234,-0.010791147926018319,0.46890599665504873,-0.004602218574004172,0.0053436765,0.0076560224
CEO/CFO,26542,0.0040663515226018665,12.4638450989142,0.007277861541634667,9.183965553081148,0.006145314802304082,3.060425219708207,0.002765848550511285,0.6311389571362915,0.000829999171621402,0.11957374732834655,-0.020063664200528353,0.4512094039635295,-0.0014597201974675578,0.006263954,0.008924605
Other officer,16563,0.0028766974209518486,9.106565528152878,0.004954751783224939,5.437127894564561,0.002706499762737011,1.2908622553509634,-0.001484176486001798,-0.33135131633367365,-0.005296304879249738,-1.0089410258454703,-0.01157945218651224,0.4644086216265169,-0.003568385376966112,0.0053200424,0.0067758905
Director,51351,0.0028790263325246313,16.416391262017093,0.0048714571238880336,9.845308316210376,0.004549457667668243,2.8002186235366477,0.0053884527016949514,2.024866316420594,0.006291489565205457,1.619989141078908,-0.007802679047074879,0.47695273704504293,0.0006971966126859991,0.0052474546,0.006936591
10% owner,11448,0.003691116496609709,6.740303216400415,0.0070204653298898455,5.640968567859149,0.0018886894311396707,0.6151231413979785,-0.007237941236909535,-1.0338779485380556,-0.024306816214256267,-2.761858076701215,-0.029815244894855653,0.4362334032145353,-0.013009032671327839,0.005409078,0.007321313
"Cluster buy (>=2 insiders, 30d)",64799,0.0031724146213614112,12.82213511009336,0.006157785830823488,10.202749078015342,0.005045837880300627,2.9295237222779837,0.003191426745818753,0.8442904026437653,-0.0023599507679021,-0.5474339552696009,-0.011424593123351867,0.4662263306532508,-0.0009880188321020147,0.006046818,0.007526335
Single-insider buy,43952,0.003363036811167705,15.502195437629512,0.005223274349267462,9.365264152991847,0.004148832091217246,2.538591514422458,0.0012571793520457421,0.4631740988814313,0.0005918719296046797,0.13090686289923273,-0.014155191998672878,0.4627775755369494,-0.0034536087865593597,0.0046672523,0.007069061
Opportunistic trader,22345,0.0030047481424551013,10.547469711801046,0.005327568442691312,8.163967786975416,0.0059021277251673325,3.6706164936568277,0.008807989559003514,2.574850382989545,0.011796543464310763,2.6373561026383756,-0.007482215144311688,0.47621391810248376,0.0036481681379257423,0.004440442,0.00598485
Routine trader,6888,0.0010606021006211118,2.8902427752486246,0.00222359635356819,2.260972233803299,0.001932657466873835,0.7052676985832087,0.007678536088216706,1.273312201770136,0.007397795676514355,0.7824663190986106,0.001071909126757864,0.5060975609756098,0.003180347980716865,0.0021862965,0.0015546231
Holdings +>=10%,42920,0.00407512730326008,13.35909166280079,0.007372701845848989,9.714626644654484,0.006758087057366386,3.2944231933198704,0.005068174719741914,1.1818006043120064,0.0029398058196412795,0.5663923599373315,-0.012990801829496745,0.4656803355079217,0.0012274143605462212,0.0069143297,0.01087337
Holdings +<10%,65831,0.0027111395105363484,14.856214222706866,0.004741768392196625,9.842943105964146,0.0033306135464540327,2.290268071217055,0.0006764404249077318,0.23771086147481213,-0.0038442757352133605,-0.9297879764756838,-0.012162018178688783,0.46427974662393096,-0.004078568911954538,0.0045602266,0.005038977
Trade size <$50k,59980,0.002697167010605557,12.92264144803208,0.005202692849382512,9.154364129648028,0.00456697155675321,2.8046255738723085,0.0027237210369631245,0.9244126167863332,0.0017199928047430455,0.3792117057601402,-0.011394172565425242,0.4664221407135712,-0.0018725986025972792,0.0050357836,0.0045559183
Trade size $50k-250k,28139,0.003867143837930854,14.622536114929712,0.005756416527358768,8.441267456552016,0.005177411604286887,2.633042512880986,0.0024832511067962772,0.6283378121406434,-0.002933198172658502,-0.6239855711980729,-0.014828973596786588,0.4601798215999147,-0.0010206432437193727,0.005978942,0.009201128
Trade size $250k-1M,11276,0.003759219656312738,9.333414793654974,0.005682512886660571,6.24208021531857,0.002645306853466212,1.1716094448538752,0.004253380016239902,0.8510540066659871,-0.0015216515997084708,-0.2636394013104844,-0.010048572929370447,0.4728627172756297,0.00013715228890872017,0.0061833,0.011808214
Trade size >$1M,9356,0.004317966051496472,6.295713243199584,0.00967062646122687,7.340785539724602,0.006399326388628628,2.1275506964160664,-0.0020467395437030775,-0.3074662735194582,-0.013949430863825104,-1.8917297415411107,-0.01731570657793302,0.4589568191534844,-0.008157741607435433,0.006087418,0.0142233865
Liquidity Q1 (least liquid),21751,0.004485703178270941,10.797468928053977,0.008611710970521326,8.886489113631974,0.006108793308159172,2.1820692603979803,-0.0010893282453309624,-0.22892137525060263,-0.009024308104984865,-1.4758556420685587,-0.01995934424403445,0.44857707691600385,-0.005546267112519083,0.0051209214,0.0046360986
Liquidity Q5 (most liquid),21750,0.002091861199619783,6.9775195052447785,0.002425686392090238,2.3698605807349935,0.0043727988614577955,2.1976386556232828,0.009244421790019075,1.2725545495107258,0.006975409789856395,1.0441667568292632,-0.003779797732374246,0.4911264367816092,0.004840961723199587,0.0041222367,0.0059954883
All sales,370719,-0.0006432649077522187,-7.503440775867522,-0.0004957672809446225,-1.470470077915356,0.00018360477273916646,0.15412936090188642,0.0014677326169313621,0.5373810683355241,0.004532285299602433,1.0081946178252679,-0.0056490086384412,0.4847903668277051,-0.008701039346533103,-0.0007925334,-0.00094543153
Sales - CEO/CFO,86130,-0.0006096135858153632,-5.252788123724082,-0.00044774235623949726,-1.0690675201616235,0.000738441041812472,0.4867943869736507,0.0017980515631229996,0.537207718920895,0.00526203195359773,0.9308412976048202,-0.006575706913254709,0.48288633461047253,-0.00854014683679418,-0.0005144858,-0.0009813763
