year,n,bhar_5d,se_5d,t_5d,bhar_63d,se_63d,t_63d
2013,5382,0.0069122686528982165,0.0016090395717933334,4.295897238371981,0.00968747434082077,0.008177400873476797,1.184664233869451
2014,6614,0.005769246084726341,0.0016981281982074426,3.3974149247485568,0.003117802592543388,0.006521678847857105,0.47806748312481473
2015,7904,0.0039202512246356925,0.0014721523819184023,2.6629384789141906,0.011145831552027379,0.008135163933214081,1.3700807560277188
2016,7408,0.005514368690722571,0.0026375758017208968,2.0906958151211046,0.010755197606844848,0.004624833940520081,2.3255316288470635
2017,6616,0.00692014363936673,0.0015284731596927946,4.527487836788445,0.002159020304879434,0.006060620256389839,0.35623751588843294
2018,8435,0.005249725070355199,0.0014065179043033253,3.7324267642049582,0.017885606966147875,0.00840041427327797,2.1291339193880776
2019,8136,0.006754401243544798,0.0017384743800201031,3.8852463523026968,-0.0059681151993015895,0.009587263369086479,-0.6225045635593361
2020,10333,0.0054746416273788664,0.001693422607274867,3.232885638741359,0.02091452941258245,0.01243482972729703,1.6819313067609378
2021,7844,0.009157738722106902,0.002082695388988698,4.397061025114027,0.0016910780636606483,0.01407321928044104,0.12016284475940119
2022,10795,0.005584207435293345,0.0017302684162509064,3.227364831286141,-0.012804279582232795,0.011177783757605406,-1.1455114770421924
2023,10044,0.0044949081071791784,0.0016700627441105758,2.691460619087715,-0.011102756379647258,0.00913503886166416,-1.2154033001699385
2024,8300,0.004778259304081325,0.001942783306236603,2.4594916420902178,0.012999164455095689,0.008904074770157021,1.4599118707609924
2025,8842,0.006605026418026963,0.001268219369287815,5.208110345875021,-0.006024581970397885,0.006727702079260891,-0.8954888161545567
2026,2098,0.002137621275216965,0.0036959545122868553,0.5783678527727121,-0.061642586148204524,0.006163234885094123,-10.001661026628735
