feature,auc_drop,std
dist_52w_low,0.012157903621588185,0.0028537031124599315
log_price,0.007993584819833522,0.0031088407285678465
mom_12m,0.006291956608308447,0.0014664908006706522
tr_mean,0.00551469199422665,0.0006613418296470427
dist_52w_high,0.004551263990782761,0.005855752424412045
tr_n,0.004481693736630943,0.0011983864018939993
tr_shrunk,0.0037283438974137994,0.0018817160344774876
mkt_vol_1m,0.003522161352622055,0.0032419090114697577
mom_1m,0.003032178997023627,0.0018153950284507622
own_chg,0.0013089478049955305,0.001711866658506035
sellers_90d,0.0012167809906363791,0.00024687935500001363
log_adv,0.001182605783775048,0.0018278488543539584
mkt_ret_1m,0.0009355192349161046,0.0012257486473322935
indirect,0.0005600444808909977,0.0001732366051909889
is_director,0.00010107951943010285,0.00026023198628286054
routine,8.81137961591838e-05,6.0100910070348864e-05
filing_lag,5.6722579954682216e-05,0.00021220688357243296
is_officer,6.39432483073854e-07,8.934024933196317e-05
late_filing,0.0,0.0
is_chair,0.0,0.0
is_cfo,0.0,0.0
is_tenpct,-1.2464014707314064e-05,7.517181919138361e-05
n_lines,-3.3093090351576925e-05,3.1564584853143974e-05
tr_hit,-3.588691843121605e-05,0.00044970984030319705
is_ceo,-6.28512943687154e-05,0.00014321743141907167
opportunistic,-0.00032752715522190725,0.00010555741893043423
cluster_insiders_30d,-0.0008219166762417407,0.001536066053669205
log_value,-0.0016801137678273737,0.0006943409597896233
prior_buys_issuer_1y,-0.0017388726943048161,0.0022256877685833567
mom_6m_skip1m,-0.005752383804296613,0.002071701926227504
vol_3m,-0.014501344972447284,0.004595434900287827
