strategy,hold_days,sharpe,gross_sharpe,ff6_alpha_ann,ff6_alpha_t
ML top 20% (gbm),5,0.5192983823317856,1.179470916659101,0.11261960314697352,0.8974331881773275
ML top 20% (gbm),10,0.38834409870307285,0.7999786717143182,0.02208795967839277,0.25231189892844275
ML top 20% (gbm),21,0.44300104013503594,0.6869887203530253,0.015680243911971384,0.2787620025054655
ML top 20% (gbm),63,0.4575858332725843,0.5465209747628823,0.012335141905879626,0.28714279082901695
ML top 20% (gbm),126,0.45658117341091226,0.502456214424191,0.007191931691820947,0.2089200276764058
All investable buys,5,0.013841825653318027,1.266444206010627,-0.0950958055239966,-2.564259524529738
All investable buys,10,0.295511178273637,0.9370242688300549,-0.03481796617657448,-1.1909561517623835
All investable buys,21,0.2954784210787037,0.6134143353560465,-0.03798383371112877,-1.54068674979481
All investable buys,63,0.4190107182295411,0.5284240558412325,-0.011489994438746851,-0.5850478450081424
All investable buys,126,0.43425494585081664,0.4903402086688162,-0.010944693883312392,-0.6564202631931023
Opportunistic buys,5,-0.04724053015464602,1.1336094234731704,-0.10721763159104063,-2.056227896879991
Opportunistic buys,10,0.34695666836163663,0.9576020060067263,-0.01366321548434267,-0.2899408156735821
Opportunistic buys,21,0.4190428317530449,0.7468088216763203,-0.0065035346997580614,-0.21392455210292913
Opportunistic buys,63,0.4826116322964444,0.5996545682989879,0.0035498273831914306,0.1529235134235974
Opportunistic buys,126,0.4884184005959473,0.5487054905593991,0.0013203337235428905,0.06705194242561414
