train_end,model,n_train,n_test,threshold,threshold_low
2016-01-01,logit,11769,1643,0.5383087341845268,0.4444482923930304
2016-01-01,adaboost,11769,1643,0.5396372254273659,0.4652764884374078
2016-01-01,gbm,11769,1643,0.6068202006751581,0.3699211769250319
2016-04-01,logit,13185,1090,0.5539520049015307,0.4610107488795002
2016-04-01,adaboost,13185,1090,0.5388791244662072,0.46810482790402586
2016-04-01,gbm,13185,1090,0.6198932000567987,0.38927333792409125
2016-07-01,logit,14862,1156,0.5692529473434961,0.4688061613064842
2016-07-01,adaboost,14862,1156,0.5411978615470957,0.4726697371772934
2016-07-01,gbm,14862,1156,0.6209187818110221,0.40343686681135893
2016-10-01,logit,15950,1079,0.5626627555578995,0.46030658403275304
2016-10-01,adaboost,15950,1079,0.5373653377542651,0.47072392597285845
2016-10-01,gbm,15950,1079,0.6260246548939916,0.3972613895768689
2017-01-01,logit,17101,1020,0.5713408081722545,0.4615209620355894
2017-01-01,adaboost,17101,1020,0.5406301046420712,0.45816177801030633
2017-01-01,gbm,17101,1020,0.6281825983892403,0.38946237432155545
2017-04-01,logit,18176,1234,0.5537940117206549,0.46176089181940316
2017-04-01,adaboost,18176,1234,0.5330002271463089,0.4565205243438171
2017-04-01,gbm,18176,1234,0.5896555352341213,0.3854141463787699
2017-07-01,logit,19200,1230,0.5411098290079105,0.4472602688176418
2017-07-01,adaboost,19200,1230,0.5330796907508465,0.44354565998353496
2017-07-01,gbm,19200,1230,0.5687884105046765,0.3732828179190959
2017-10-01,logit,20434,1164,0.5332281228373066,0.44820646560528266
2017-10-01,adaboost,20434,1164,0.5256831538328068,0.4586793078272894
2017-10-01,gbm,20434,1164,0.5553179097320036,0.3879506085820283
2018-01-01,logit,21664,1313,0.5260205310530958,0.4455738782367374
2018-01-01,adaboost,21664,1313,0.5129400232221215,0.4498600432324776
2018-01-01,gbm,21664,1313,0.5424128272869274,0.39025897795323633
2018-04-01,logit,22810,1202,0.5209299500144059,0.44565285985209135
2018-04-01,adaboost,22810,1202,0.5187955198580738,0.4494058034183615
2018-04-01,gbm,22810,1202,0.5340972331709425,0.3983950600322614
2018-07-01,logit,24153,1211,0.5303117439080165,0.4507734663968651
2018-07-01,adaboost,24153,1211,0.5308089382895109,0.4574647028371834
2018-07-01,gbm,24153,1211,0.5386945321717546,0.3870785732794808
2018-10-01,logit,25343,2563,0.527446062942935,0.45022202910908543
2018-10-01,adaboost,25343,2563,0.5218051046760818,0.46112247459075245
2018-10-01,gbm,25343,2563,0.548691988221035,0.39341708612532833
2019-01-01,logit,26554,1289,0.536024100117439,0.4536957208332599
2019-01-01,adaboost,26554,1289,0.5319709506029242,0.4636944191606819
2019-01-01,gbm,26554,1289,0.5701369676367944,0.417405303972974
2019-04-01,logit,29051,1733,0.5557676293244606,0.468273058044281
2019-04-01,adaboost,29051,1733,0.5360042444179323,0.4740677726134597
2019-04-01,gbm,29051,1733,0.595038104288917,0.43962059214023047
2019-07-01,logit,30406,1731,0.5458169287623775,0.44280974458582556
2019-07-01,adaboost,30406,1731,0.5244946193527451,0.468414970275851
2019-07-01,gbm,30406,1731,0.5889756315879863,0.41615566697937756
2019-10-01,logit,32169,1250,0.5357170034366966,0.4441157044899565
2019-10-01,adaboost,32169,1250,0.5284132740750372,0.46786872331174295
2019-10-01,gbm,32169,1250,0.5696208493677242,0.4009726948359928
2020-01-01,logit,33888,3539,0.534679214978951,0.4209176242749136
2020-01-01,adaboost,33888,3539,0.5192002899119995,0.4563048815485031
2020-01-01,gbm,33888,3539,0.5530381221728052,0.3791019666930706
2020-04-01,logit,35114,1690,0.5322539135168731,0.4430607662500035
2020-04-01,adaboost,35114,1690,0.5172364850442701,0.4620353254864958
2020-04-01,gbm,35114,1690,0.5530013168447726,0.40660860435751583
2020-07-01,logit,38659,1448,0.5212413306620026,0.4404442403784061
2020-07-01,adaboost,38659,1448,0.5174790099039974,0.45939887115576955
2020-07-01,gbm,38659,1448,0.5648693864469662,0.3425992683132744
2020-10-01,logit,40354,1261,0.5036853447969686,0.4186722162400178
2020-10-01,adaboost,40354,1261,0.5156711211912944,0.4448775572322943
2020-10-01,gbm,40354,1261,0.564072198508723,0.30424929794690037
2021-01-01,logit,41815,1195,0.5005164500878927,0.4132045467226847
2021-01-01,adaboost,41815,1195,0.5075067507534229,0.4373307265409558
2021-01-01,gbm,41815,1195,0.5595737416818819,0.2975115867280952
2021-04-01,logit,43027,1420,0.4968144504740775,0.4040225149422171
2021-04-01,adaboost,43027,1420,0.504080496187653,0.44899958679682456
2021-04-01,gbm,43027,1420,0.5365882283681002,0.3471858659225173
2021-07-01,logit,44253,1818,0.516578657359568,0.4376099764387802
2021-07-01,adaboost,44253,1818,0.511183016187171,0.4573694810234455
2021-07-01,gbm,44253,1818,0.5641787271402314,0.4201511086521438
2021-10-01,logit,45698,2006,0.519140943683685,0.4339456135874982
2021-10-01,adaboost,45698,2006,0.5158240363442214,0.47399826832929803
2021-10-01,gbm,45698,2006,0.568137283524949,0.42397807884808586
2022-01-01,logit,47519,1943,0.5201763794885356,0.43291435409537654
2022-01-01,adaboost,47519,1943,0.5088348817376895,0.46339502678710254
2022-01-01,gbm,47519,1943,0.5610895340888791,0.416126269142197
2022-04-01,logit,49497,2579,0.5219045777234589,0.4309882473114446
2022-04-01,adaboost,49497,2579,0.5165843631260377,0.45557567393727266
2022-04-01,gbm,49497,2579,0.5569684101352814,0.3847453937733494
2022-07-01,logit,51417,1796,0.5169844006623602,0.4205040076565516
2022-07-01,adaboost,51417,1796,0.5216655027879308,0.4520246490385362
2022-07-01,gbm,51417,1796,0.5467028405959398,0.38319840195418137
2022-10-01,logit,54053,1654,0.5044396331859441,0.42068960296319713
2022-10-01,adaboost,54053,1654,0.5029225139576676,0.4457750800109395
2022-10-01,gbm,54053,1654,0.524371900863783,0.35483522805970796
2023-01-01,logit,55815,1649,0.5012127488420443,0.42232033910675404
2023-01-01,adaboost,55815,1649,0.5047238342354317,0.4424918450527954
2023-01-01,gbm,55815,1649,0.5190582572864498,0.35361982784662066
2023-04-01,logit,57452,2124,0.5033237725009322,0.4286292266732954
2023-04-01,adaboost,57452,2124,0.5021428159373987,0.4430018831624304
2023-04-01,gbm,57452,2124,0.5264033640799176,0.3619961428248678
2023-07-01,logit,59106,1537,0.5052756683200534,0.43700180038004266
2023-07-01,adaboost,59106,1537,0.5096513436037953,0.4574879544050539
2023-07-01,gbm,59106,1537,0.5229390441621233,0.4100733431861361
2023-10-01,logit,61242,1474,0.5124888912976736,0.45182199735321343
2023-10-01,adaboost,61242,1474,0.5170430839356799,0.4702409692922109
2023-10-01,gbm,61242,1474,0.5334317426038003,0.4323853484877901
2024-01-01,logit,62779,1373,0.5176588297459861,0.457453794066793
2024-01-01,adaboost,62779,1373,0.5213303933232425,0.4646632966096056
2024-01-01,gbm,62779,1373,0.5356296973113943,0.4406906065670166
2024-04-01,logit,64237,1550,0.5177197114242233,0.45550158313993083
2024-04-01,adaboost,64237,1550,0.5245528959941882,0.46845408374694714
2024-04-01,gbm,64237,1550,0.5342951433413426,0.44194173518471985
2024-07-01,logit,65626,1457,0.5214713226856257,0.4589058784783039
2024-07-01,adaboost,65626,1457,0.5195141369245945,0.47012389137194405
2024-07-01,gbm,65626,1457,0.5312104821193622,0.4391428661633375
2024-10-01,logit,67188,1451,0.5248921480377937,0.45773277394438266
2024-10-01,adaboost,67188,1451,0.5151297272447879,0.4672172369494713
2024-10-01,gbm,67188,1451,0.5315130033011092,0.4464118138286007
2025-01-01,logit,68681,1633,0.5274813593137314,0.4576792772408957
2025-01-01,adaboost,68681,1633,0.5292395376550901,0.45871809018811
2025-01-01,gbm,68681,1633,0.5348752498100454,0.4495882575991655
2025-04-01,logit,70048,1673,0.5299503020474683,0.457251013832698
2025-04-01,adaboost,70048,1673,0.517347715636109,0.45725950126358517
2025-04-01,gbm,70048,1673,0.5383429269518052,0.4446031300882941
2025-07-01,logit,71693,1502,0.5259821011831403,0.45434277071930174
2025-07-01,adaboost,71693,1502,0.5249816562673544,0.4688211019044955
2025-07-01,gbm,71693,1502,0.5329070436765401,0.4324382382003703
2025-10-01,logit,73419,1756,0.5165400926019026,0.44316261261498174
2025-10-01,adaboost,73419,1756,0.5093811013606172,0.4560587463029573
2025-10-01,gbm,73419,1756,0.524215733436985,0.40675913827632465
2026-01-01,logit,74914,1679,0.511558160684286,0.4422929399388055
2026-01-01,adaboost,74914,1679,0.50620128258764,0.44920289509793576
2026-01-01,gbm,74914,1679,0.5147727375837329,0.40407810022360235
