model,year,n,auc,rank_ic,q5_minus_q1
logit,2016,4968,0.5448114396800728,0.09353646300655545,0.019378334166276153
logit,2017,4648,0.47317586517200794,-0.021319344340369015,-0.018842358595555525
logit,2018,6289,0.5164433613821593,0.08153270061865504,0.0742263324709516
logit,2019,6003,0.49458911092574465,-0.01544367924227236,0.0007014332580781643
logit,2020,7938,0.4759206324640418,-0.04401266190673956,-0.07634524411490412
logit,2021,6439,0.5537782118143495,0.10809312714064714,0.06424219971722551
logit,2022,7972,0.5089720775831218,0.060743282785168946,0.051004619789614264
logit,2023,6784,0.5349088609957662,0.09544512296541631,0.06841690420082566
logit,2024,5831,0.52353936430525,0.06389579809686821,0.05825433593448241
logit,2025,6564,0.5032163896948915,0.045693075883209214,0.01779840318374319
logit,2026,1679,0.4663491847957867,-0.021051778543196117,-0.07729811231380226
logit,all,65115,0.5164273248466533,0.05272986888927966,0.025807571299659132
adaboost,2016,4968,0.5382463837552522,0.04610565369597471,0.025508250481968975
adaboost,2017,4648,0.4855988862739104,-0.010654811137561034,-0.0016072467390634455
adaboost,2018,6289,0.5011982478810757,0.004931974610268652,0.016540645459253187
adaboost,2019,6003,0.5187131757538799,0.026431893541566217,-0.00075048111024896
adaboost,2020,7938,0.4424720002355351,-0.08518535682724777,-0.0886125876918817
adaboost,2021,6439,0.5431425148277068,0.06455192021694228,0.027965398169585085
adaboost,2022,7972,0.554138607356573,0.141180001212957,0.09451167111709888
adaboost,2023,6784,0.5243124099859657,0.07179201138426601,0.04096445069082501
adaboost,2024,5831,0.5588912444819226,0.12573557567417612,0.07761523048043492
adaboost,2025,6564,0.49662646423791235,0.036421176204289314,-0.013830781993527747
adaboost,2026,1679,0.4194947447374632,0.001611459378218418,-0.08188370694911669
adaboost,all,65115,0.5172441647035602,0.04512143557155643,0.018110634306046404
gbm,2016,4968,0.49301233613099305,-0.03226473558576165,-0.015472401010904645
gbm,2017,4648,0.5001996824561916,0.0005254082051179558,-0.028320222194832184
gbm,2018,6289,0.5679302713647603,0.17043725638371557,0.08992271068245872
gbm,2019,6003,0.5018226028952102,-0.017942484860438875,-0.0016788992953312015
gbm,2020,7938,0.5354572274383883,0.07030174905464354,0.07641143515092103
gbm,2021,6439,0.5426717832554634,0.07834094535641097,0.04416541700771584
gbm,2022,7972,0.5449430810420499,0.11164641274258569,0.09986201970593377
gbm,2023,6784,0.5207267897977595,0.05326797370162877,0.05009730838218683
gbm,2024,5831,0.5570064431797777,0.11887520507966617,0.08095053761163647
gbm,2025,6564,0.5433713864220328,0.11293260147855057,0.06155537949984266
gbm,2026,1679,0.405329298533182,-0.0431333741091666,-0.08591862003793097
gbm,all,65115,0.5298246150355255,0.06806615446988791,0.04873067538300796
