dec,mean,count,se
1,-0.04261691864654807,6512,0.010203339382279561
2,-0.02008685381819982,6511,0.006910327870670167
3,0.001456591618569693,6512,0.005437444510264394
4,-0.004062072272554616,6511,0.00448740950499163
5,-0.0033655824105440105,6512,0.005283663103860861
6,0.004774637201251452,6511,0.004989135380042072
7,0.000716537804479455,6511,0.005616099264016564
8,0.003282398556636852,6512,0.00571776240121218
9,0.006607838335716417,6511,0.006339486064553363
10,0.022291318735728018,6512,0.013764506822331804
