group,trades_oos,trades_validation,net_pnl_pct_of_capital_oos,net_pnl_pct_of_capital_validation
Semiconductors,21.00,27.00,-10.15,4.45
Pharma,2.00,0.00,-1.24,0.00
Bitcoin miners / hosting,10.00,0.00,-0.24,0.00
Solar,0.00,1.00,0.00,0.72
Travel,0.00,1.00,0.00,-0.40
Household products,4.00,0.00,0.33,0.00
Ride-hailing,3.00,0.00,0.33,0.00
Tech hardware,2.00,0.00,1.17,0.00
Biotech,2.00,0.00,1.47,0.00
Interactive media,18.00,23.00,1.75,-1.73
Fintech,2.00,2.00,2.85,3.24
"EVs, autos & batteries",7.00,4.00,4.94,4.02
Software,10.00,8.00,8.37,13.13
