cost_multiplier,period,sharpe,ann_return
0.0000,validation,1.7686,0.1492
0.0000,oos,0.5299,0.0457
0.0000,full,0.9839,0.0842
0.5000,validation,1.7152,0.1447
0.5000,oos,0.4617,0.0398
0.5000,full,0.9212,0.0788
1.0000,validation,1.6617,0.1402
1.0000,oos,0.3932,0.0339
1.0000,full,0.8584,0.0734
1.5000,validation,1.6082,0.1357
1.5000,oos,0.3247,0.0280
1.5000,full,0.7954,0.0680
2.0000,validation,1.5546,0.1312
2.0000,oos,0.2561,0.0221
2.0000,full,0.7323,0.0626
3.0000,validation,1.4472,0.1221
3.0000,oos,0.1188,0.0102
3.0000,full,0.6060,0.0519
