ticker,date,prev_close,open,implied_ratio,nearest_ratio,ratio_error,in_split_file,group
AMZN,2022-06-06,2447.0,125.5250015258789,19.494127715754793,20.0,0.025618996118688224,True,Internet retail
APPS,2023-05-25,14.430000305175781,9.039999961853027,1.596238948452965,2.0,0.2254969756630185,False,Software
APPS,2024-11-07,3.265000104904175,1.934999942779541,1.6873385592386283,2.0,0.16999470997126118,False,Software
ASST,2023-06-12,1.149999976158142,2.9700000286102295,0.38720535757037305,0.3333333333333333,0.1498122016930121,False,(not in a pair group)
ASST,2024-03-21,0.527999997138977,0.8461999893188477,0.623965985870852,0.5,0.22148775863916892,False,(not in a pair group)
ASST,2024-07-02,0.32170000672340393,1.600000023841858,0.20106250538257844,0.2,0.005298465221881064,True,(not in a pair group)
ASST,2025-01-21,0.4652000069618225,1.1050000190734863,0.42099548647754675,0.5,0.17198598575322613,False,(not in a pair group)
ASST,2025-05-07,0.6158999800682068,1.7000000476837158,0.3622941012562325,0.3333333333333333,0.0833133260750312,False,(not in a pair group)
ASST,2025-05-08,3.319999933242798,5.46999979019165,0.6069469848674237,0.5,0.19383334923059953,False,(not in a pair group)
ASST,2025-09-10,6.179999828338623,12.220000267028809,0.5057282943662519,0.5,0.011391458990884002,False,(not in a pair group)
AVGO,2024-07-15,1700.8699951171875,170.9600067138672,9.948935522861177,10.0,0.005119530173611037,True,Semiconductors
BHVN,2025-11-05,13.890000343322754,8.220000267028809,1.689780935389954,2.0,0.16854828405649683,False,Biotech
BYND,2025-09-29,2.8550000190734863,1.2899999618530273,2.2131783722762366,2.0,0.10128247928349948,False,Packaged food & drinks
BYND,2025-10-13,2.015000104904175,0.8828999996185303,2.2822518054589405,2.0,0.132015408990073,False,Packaged food & drinks
BYND,2025-10-22,3.619999885559082,5.909999847412109,0.6125211600601651,0.5,0.20297539043695942,False,Packaged food & drinks
CHR,2023-11-27,0.335099995136261,3.299999952316284,0.10154544467955583,0.1,0.015336243125271234,False,(not in a pair group)
CHR,2025-10-01,0.6776000261306763,0.18629999458789825,3.6371447659646017,4.0,0.09509539223256147,False,(not in a pair group)
CHR,2025-11-05,0.13330000638961792,0.23729999363422394,0.5617362080696882,0.5,0.11642426061899681,False,(not in a pair group)
CSX,2021-06-29,95.30999755859375,31.979999542236328,2.980300361554015,3.0,0.006588200762225861,True,(not in a pair group)
FTNT,2022-06-23,278.19000244140625,56.0099983215332,4.9667919222933286,5.0,0.006663769215106283,True,Software
GOOG,2022-07-18,2255.330078125,113.23999786376953,19.916376625975605,20.0,0.004189934229039901,True,Interactive media
GOOGL,2022-07-18,2235.780029296875,112.31999969482422,19.90544872951564,20.0,0.004738773798131655,True,Interactive media
LRCX,2024-10-03,814.1699829101562,80.12000274658203,10.161881072520917,10.0,0.016058476952243387,True,Semiconductors
MCHP,2021-10-13,140.99000549316406,71.37999725341797,1.9752033088930292,2.0,0.012475846293282702,True,Semiconductors
MTC,2020-11-25,1.149999976158142,2.3399999141693115,0.491452976186336,0.5,0.01724183749883157,False,(not in a pair group)
MTC,2022-07-13,0.19990000128746033,2.049999952316284,0.09751219200909593,0.1,0.025192769554782477,False,(not in a pair group)
MTC,2024-12-18,0.2249000072479248,1.690000057220459,0.13307690827899663,0.125,0.06261348152968933,False,(not in a pair group)
NFE,2025-05-15,6.78000020980835,4.054999828338623,1.6720099457029811,2.0,0.1791207175281766,False,(not in a pair group)
NVDA,2021-07-20,751.25,186.2899932861328,4.032690842550895,4.0,0.008139494890546372,True,Semiconductors
NVDA,2024-06-10,1208.6500244140625,120.13999938964844,10.060346604574438,10.0,0.0060165248190646855,True,Semiconductors
NVO,2023-09-20,187.00999450683594,94.62999725341797,1.976223242850028,2.0,0.011959610464883058,True,Pharma
NVTS,2025-05-22,1.899999976158142,4.789999961853027,0.3966597028600674,0.3333333333333333,0.17393575115437682,False,Semiconductors
NVVE,2023-10-18,0.28200000524520874,0.13840000331401825,2.0375721391304187,2.0,0.018611790654349068,False,Hydrogen & EV charging
NVVE,2024-01-22,0.08259999752044678,3.190000057220459,0.025893413902820638,0.02564102564102564,0.009795014049568401,True,Hydrogen & EV charging
NVVE,2024-01-31,3.4000000953674316,1.5199999809265137,2.236842235593586,2.0,0.11191797446935162,False,Hydrogen & EV charging
NVVE,2024-09-17,0.4860000014305115,4.199999809265137,0.11571427982014527,0.1111111111111111,0.04059334602823602,True,Hydrogen & EV charging
NVVE,2024-09-18,4.099999904632568,6.760000228881836,0.6065088604215424,0.5,0.19311123895914575,False,Hydrogen & EV charging
NVVE,2024-09-23,3.940000057220459,7.739999771118164,0.509043926606404,0.5,0.017926214220833903,False,Hydrogen & EV charging
NVVE,2025-02-28,2.384999990463257,4.650000095367432,0.5129032212350516,0.5,0.025479076388192405,False,Hydrogen & EV charging
NVVE,2025-05-09,1.149999976158142,1.8700000047683716,0.6149732422947175,0.5,0.2069706599739315,False,Hydrogen & EV charging
ONDS,2025-03-11,0.7197999954223633,1.1749999523162842,0.612595716192071,0.5,0.20309710312159077,False,(not in a pair group)
PLUG,2023-11-10,5.974999904632568,3.799999952316284,1.5723683957057746,2.0,0.240564165594888,False,Hydrogen & EV charging
PLUG,2024-05-14,2.880000114440918,4.855000019073486,0.5932028742302848,0.5,0.17092835712702292,False,Hydrogen & EV charging
RUBI,2025-11-05,0.6055999994277954,0.29820001125335693,2.030851584747185,2.0,0.015308024403738673,False,(not in a pair group)
RXRX,2023-07-12,6.78000020980835,14.869999885559082,0.4559515973110615,0.5,0.09222144078938944,False,Biotech
SMCI,2024-10-01,416.5,42.099998474121094,9.893113255836454,10.0,0.010746208640408015,True,Tech hardware
SMX,2023-06-23,0.44999998807907104,0.18299999833106995,2.4590164142134587,3.0,0.19885085029835867,False,(not in a pair group)
SMX,2023-07-19,0.14790000021457672,0.23479999601840973,0.629897783606118,0.5,0.23094945955545929,False,(not in a pair group)
SMX,2023-08-21,0.10540000349283218,2.309999942779541,0.045627703268405,0.045454545454545456,0.00380223424210488,False,(not in a pair group)
SMX,2023-10-10,1.7000000476837158,3.309999942779541,0.5135951517879104,0.5,0.026827214243722218,False,(not in a pair group)
SMX,2024-02-07,0.24300000071525574,0.4368000030517578,0.5563186821864341,0.5,0.10673320102961088,False,(not in a pair group)
SMX,2024-07-15,0.09040000289678574,6.110000133514404,0.01479542071526281,0.02,0.3014145517923131,False,(not in a pair group)
SMX,2024-09-10,2.200000047683716,4.420000076293945,0.49773756385478873,0.5,0.004535140511679476,False,(not in a pair group)
SMX,2024-10-28,1.3899999856948853,0.4643999934196472,2.9931093435788303,3.0,0.0022995273613470395,False,(not in a pair group)
SMX,2024-12-05,0.5065000057220459,0.313400000333786,1.6161455228309856,2.0,0.2131031732586147,False,(not in a pair group)
SMX,2024-12-06,0.31310001015663147,0.542900025844574,0.5767176220722583,0.5,0.14274465847284823,False,(not in a pair group)
SMX,2025-01-15,0.19200000166893005,4.96999979019165,0.03863179054022205,0.038461538461538464,0.004416785671628473,False,(not in a pair group)
SMX,2025-06-16,0.9311000108718872,4.03000020980835,0.23104217590399315,0.25,0.0788606443351265,False,(not in a pair group)
SMX,2025-08-07,0.75,5.03000020980835,0.14910535244482784,0.14285714285714285,0.0428079895551913,False,(not in a pair group)
SMX,2025-10-23,0.8600999712944031,8.3100004196167,0.10350179704905493,0.1,0.03441878935940214,False,(not in a pair group)
SOUN,2022-05-02,6.5,11.069999694824219,0.5871725852249665,0.5,0.1607106905010464,False,Software
SOUN,2024-02-15,2.305000066757202,3.7699999809265137,0.611405837784584,0.5,0.20115285921366235,False,Software
SRPT,2021-01-08,168.16000366210938,85.0,1.9783530104039353,2.0,0.01088249492914695,False,Biotech
SRPT,2023-10-31,107.69999694824219,57.09000015258789,1.886495025439937,2.0,0.05842655706675071,False,Biotech
SRPT,2025-06-16,36.16999816894531,20.5,1.7643900533199752,2.0,0.12534212875635647,False,Biotech
TSLA,2022-08-25,891.3400268554688,302.3599853515625,2.9479429334556886,3.0,0.017504672243549162,True,"EVs, autos & batteries"
UPST,2022-05-10,77.0999984741211,36.060001373291016,2.1381030009477753,2.0,0.0667718071910617,False,Fintech
WULF,2022-12-12,1.1649999618530273,0.7152000069618225,1.6289149449150746,2.0,0.20523306536943936,False,Bitcoin miners / hosting
YDKG,2025-10-15,1.399999976158142,0.800000011920929,1.7500000050899467,2.0,0.13353138971598166,False,(not in a pair group)
