ticker,group,first_day,days_traded,avg_minutes_with_trade,median_nasdaq_dollar_vol_m,median_price,median_abs_diff_bps,share_within_50bps,n_days
AAL,Travel,2020-11-06,1255,364.9,68.36,14.51,4.304,1,823
AAPL,Tech hardware,2020-11-06,1255,368.4,1679,172.6,1.308,1,823
AMD,Semiconductors,2020-11-06,1255,368.4,769.4,109.3,1.226,1,823
AMZN,Internet retail,2020-11-06,1255,368.4,1312,163.7,1.358,1,823
APLD,Bitcoin miners / hosting,2022-04-13,895,295.6,3.742,5.075,10.36,0.7047,635
APPS,Software,2020-11-06,1255,327,4.551,10.82,5.645,0.9793,823
ASST,,2023-02-03,692,92.64,0.01652,2.38,47.19,0.3038,492
AUR,"EVs, autos & batteries",2021-11-04,1005,297.7,3.551,3.32,17.11,0.7072,659
AVGO,Semiconductors,2020-11-06,1255,367.4,350.1,66.47,1.859,1,823
BAC,Banks,2020-11-06,1255,367.6,144.1,38.08,2.413,1,823
BHVN,Biotech,2022-10-04,776,271.1,2.529,23.99,5.077,0.6258,516
BITF,Bitcoin miners / hosting,2021-06-21,1101,240.1,2.379,1.775,,,
BTG,Metals & mining,2020-11-06,1255,221.5,3.067,3.515,,,
BYND,Packaged food & drinks,2020-11-06,1255,325.8,6.369,13.22,6.552,0.9757,823
CAN,Bitcoin miners / hosting,2020-11-06,1255,256.3,2.003,2.565,,,
CHR,,2023-11-09,499,20.15,0.005468,2.5,,,
CIFR,Bitcoin miners / hosting,2021-08-30,1052,263.6,1.509,3.39,16.5,0.7521,706
CLSK,Bitcoin miners / hosting,2020-11-06,1254,335.1,8.186,10.04,8.18,0.9951,823
CMCSA,Media & cable,2020-11-06,1255,367.6,138.3,41.41,2.388,1,823
CPNG,Internet retail,2021-03-11,1171,355.9,16.46,21.41,2.833,1,823
CRWV,AI cloud,2025-03-28,154,385,466.1,119.4,2.679,0.181,150
CSCO,Tech hardware,2020-11-06,1255,367.7,163.7,51.81,1.911,1,823
CSIQ,Solar,2020-11-06,1255,332.6,7.392,29.87,,,
CSX,,2020-11-06,1255,365.2,74.83,32.63,2.92,1,823
DKNG,,2020-11-06,1255,367.8,64.41,36.24,2.566,1,823
DVLT,,2025-02-14,183,143.6,0.06482,0.7786,53.2,0.09842,164
ECX,"EVs, autos & batteries",2022-12-21,721,105.1,0.2009,2.12,45.38,0.3159,492
ENPH,Solar,2020-11-06,1255,366.8,93.81,140.2,1.741,1,823
EXC,,2020-11-06,1255,365.3,48.67,39.6,2.205,1,823
F,"EVs, autos & batteries",2020-11-06,1255,362.6,46.59,12.15,4.208,0.9988,823
FTNT,Software,2020-11-06,1255,366,67.82,61.46,1.639,1,823
GOOG,Interactive media,2020-11-06,1255,368,672.8,136.8,1.078,1,823
GOOGL,Interactive media,2020-11-06,1255,368.3,771.3,136,1.187,1,823
GRAB,Ride-hailing,2021-12-02,986,324.8,11.14,3.5,15.99,0.7509,657
GT,"EVs, autos & batteries",2020-11-06,1255,343.6,9.337,11.96,5.268,1,823
HBAN,Banks,2020-11-06,1255,354,29.25,14.4,4.607,1,823
HOOD,Fintech,2021-07-29,1074,363.2,38.56,16.15,4.136,0.8834,728
HST,Travel,2020-11-06,1255,349,21.3,17.12,5.218,1,823
HTZ,Travel,2021-11-09,1002,344,8.778,10.13,6.152,0.7922,657
INTC,Semiconductors,2020-11-06,1255,368.3,230.6,35.24,2.82,1,823
IREN,Bitcoin miners / hosting,2021-11-17,996,259.3,2.797,6.537,10.48,0.706,657
KDP,Packaged food & drinks,2020-11-06,1255,357.8,45.25,34.21,2.758,1,823
KHC,Packaged food & drinks,2020-11-06,1255,362.9,47.89,35.87,2.537,1,823
KMB,Household products,2020-11-06,1255,357.2,24.66,133,1.428,1,823
KVUE,Household products,2023-05-04,630,354.4,30,21.35,2.667,0.5516,455
LNAI,,2025-10-01,26,68.08,0.03702,1.175,80.32,0.01215,23
LRCX,Semiconductors,2020-11-06,1255,364,163.2,63.87,1.713,1,823
LYFT,Ride-hailing,2020-11-06,1255,366,37.66,15.56,4.848,1,823
MARA,Bitcoin miners / hosting,2020-11-06,1255,366.1,71.36,16.83,5.309,1,823
MCHP,Semiconductors,2020-11-06,1255,368,77.27,74.86,1.447,1,823
MDLZ,Packaged food & drinks,2020-11-06,1255,366.8,86.02,65.08,1.521,1,823
META,Interactive media,2022-06-09,856,370.8,1017,464.6,1.112,0.7242,596
MRNA,Biotech,2020-11-06,1255,367.4,112.7,125.9,1.521,1,823
MRVL,Semiconductors,2020-11-06,1255,368.3,126.1,60.8,1.935,1,823
MSFT,Software,2020-11-06,1255,368.4,1359,326,1.126,0.9988,823
MTC,,2020-11-06,1255,49.03,0.01644,1.03,,,
MU,Semiconductors,2020-11-06,1255,368.4,249.7,80.38,1.426,1,823
NBIS,AI cloud,2024-10-21,262,361.2,92.11,37.34,,,
NFE,,2020-11-06,1255,315.9,8.079,29.98,3.995,0.9793,823
NVDA,Semiconductors,2020-11-06,1255,368.4,2060,31.5,1.477,1,823
NVO,Pharma,2020-11-06,1255,335.4,32.98,66.11,,,
NVTS,Semiconductors,2021-10-20,1016,304.9,2.114,5.793,11.52,0.7922,670
NVVE,Hydrogen & EV charging,2021-03-23,1163,71.76,0.04203,200.6,39.61,0.5699,817
ON,Semiconductors,2020-11-06,1255,367.9,82.74,62.94,1.713,0.9988,823
ONDS,,2020-12-04,1236,148.3,0.2518,2.06,20.81,0.757,823
OPEN,,2020-12-21,1225,339.1,10.8,3.16,11.89,0.9077,823
PFE,Pharma,2020-11-06,1255,365.9,75.8,36.25,2.219,1,823
PINS,Interactive media,2020-11-06,1255,367.2,36.99,32.48,2.631,0.9988,823
PLTR,Software,2020-11-06,1255,365.6,73,22.1,3.207,0.9988,823
PLUG,Hydrogen & EV charging,2020-11-06,1255,358.2,38.94,10.72,6.568,0.955,823
PYPL,Fintech,2020-11-06,1255,368.4,206.7,77,1.317,1,823
QBTS,Quantum computing,2022-08-08,816,186.9,0.1752,1.82,37.94,0.4156,556
QCOM,Semiconductors,2020-11-06,1255,368.4,226.4,145.6,0.9289,1,823
QS,"EVs, autos & batteries",2020-11-27,1241,341.8,6.001,8.09,7.228,0.9988,823
QUBT,Quantum computing,2021-07-15,1084,146.6,0.1422,2.16,24.09,0.6173,738
RGTI,Quantum computing,2022-03-02,925,238.6,0.682,1.775,16.88,0.6343,657
RIOT,Bitcoin miners / hosting,2020-11-06,1255,364.3,37.9,11.32,5.6,0.9976,823
RIVN,"EVs, autos & batteries",2021-11-10,1001,367.2,73.42,15.73,4.403,0.7983,657
RKLB,,2021-08-25,1055,332.1,5.767,5.94,6.496,0.8554,709
RUBI,,2025-08-04,67,48.48,0.01293,2.39,81.97,0.02673,64
RXRX,Biotech,2021-04-16,1146,320.6,4.525,8.132,9.128,0.9611,800
SBUX,,2020-11-06,1255,368.3,132.9,96.65,1.095,1,823
SEDG,Solar,2020-11-06,1255,354.4,46.02,234.6,3.142,1,823
SLDP,"EVs, autos & batteries",2021-12-09,981,244.7,0.9109,2.215,18.07,0.6987,657
SMCI,Tech hardware,2020-11-06,1255,303.7,56.4,13.46,2.407,1,823
SMX,,2023-03-08,670,82.56,0.03663,1.25,,,
SNAP,Interactive media,2020-11-06,1255,363,35.92,11.55,5.004,1,823
SOFI,Fintech,2021-06-01,1115,364.3,47.45,8.53,6.876,0.932,769
SOUN,Software,2022-04-28,885,291.6,7.414,4.18,12.65,0.6525,625
SRPT,Biotech,2020-11-06,1254,327.4,19.42,105,2.746,1,823
TEVA,Pharma,2020-11-06,1255,319.1,8.396,10.27,5.245,1,823
TREX,,2020-11-06,1255,308.5,8.013,68.44,2.186,1,823
TSLA,"EVs, autos & batteries",2020-11-06,1255,368.4,3250,244.6,1.546,1,823
U,Software,2020-11-06,1255,364.1,28.07,35.29,2.782,1,823
UPST,Fintech,2020-12-16,1228,363.9,50.69,46.17,3.066,1,823
VALE,Metals & mining,2020-11-06,1255,345.8,41.4,13.68,,,
VTRS,Pharma,2020-11-17,1248,346,15.79,11.18,5.398,1,823
WBD,Media & cable,2022-04-11,897,367.2,41.41,11.19,7.318,0.774,637
WULF,Bitcoin miners / hosting,2021-12-14,978,253.2,2.815,2.665,19.18,0.6537,657
YDKG,,2025-09-19,34,181.6,0.3687,1.55,,,
