bar,method,entry,exit,validation_sharpe,validation_ann_return,oos_sharpe,oos_ann_return,full_sharpe,full_ann_return,validation_gross_sharpe,oos_gross_sharpe,full_gross_sharpe,n_trades,ann_cost
1min,static,1.5000,0.0000,1.1566,0.0937,-0.2122,-0.0256,0.1744,0.0188,1.3477,-0.0578,0.3360,222,0.0156
1min,static,1.5000,0.5000,0.9933,0.0777,-0.3443,-0.0380,0.0506,0.0050,1.2019,-0.1695,0.2326,244,0.0166
1min,static,2.0000,0.0000,1.3125,0.1031,-0.0928,-0.0097,0.3363,0.0323,1.4414,0.0346,0.4631,153,0.0107
1min,static,2.0000,0.5000,0.9807,0.0747,-0.2541,-0.0255,0.1282,0.0118,1.1124,-0.1203,0.2604,156,0.0108
1min,static,2.5000,0.0000,1.2322,0.0941,-0.5056,-0.0455,0.0748,0.0064,1.3232,-0.3994,0.1763,108,0.0076
1min,static,2.5000,0.5000,1.0549,0.0791,-0.6419,-0.0569,-0.0755,-0.0063,1.1466,-0.5344,0.0273,108,0.0076
1min,rolling,1.5000,0.0000,0.1451,0.0195,-1.3893,-0.1525,-0.7398,-0.0885,0.5279,-0.8558,-0.2739,798,0.0537
1min,rolling,1.5000,0.5000,0.5178,0.0526,-1.9123,-0.1923,-1.0009,-0.1012,1.1802,-1.1804,-0.3008,1049,0.0690
1min,rolling,2.0000,0.0000,0.5965,0.0671,-0.9753,-0.1070,-0.3813,-0.0422,0.8874,-0.6129,-0.0474,524,0.0352
1min,rolling,2.0000,0.5000,0.6323,0.0637,-1.1562,-0.1159,-0.4883,-0.0491,1.0035,-0.7007,-0.0680,618,0.0408
1min,rolling,2.5000,0.0000,0.5600,0.0572,-1.1294,-0.1175,-0.5082,-0.0526,0.7705,-0.8393,-0.2487,366,0.0254
1min,rolling,2.5000,0.5000,0.8060,0.0774,-0.8718,-0.0806,-0.2327,-0.0219,1.0438,-0.5282,0.0701,407,0.0274
1min,kalman,1.5000,0.0000,-0.3859,-0.0341,-0.6400,-0.0769,-0.5575,-0.0610,0.0374,-0.2554,-0.1652,581,0.0409
1min,kalman,1.5000,0.5000,0.0266,0.0021,-0.8150,-0.0839,-0.5482,-0.0519,0.6385,-0.2913,-0.0013,754,0.0503
1min,kalman,2.0000,0.0000,-0.3948,-0.0333,-0.7525,-0.0791,-0.6341,-0.0621,-0.0742,-0.4040,-0.2965,428,0.0312
1min,kalman,2.0000,0.5000,0.0528,0.0039,-1.1356,-0.1110,-0.7609,-0.0683,0.4572,-0.7447,-0.3699,478,0.0335
1min,kalman,2.5000,0.0000,0.0363,0.0031,-0.9021,-0.1079,-0.6135,-0.0666,0.2433,-0.6754,-0.3956,290,0.0220
1min,kalman,2.5000,0.5000,0.9551,0.0707,-0.9877,-0.1123,-0.4386,-0.0442,1.2035,-0.7441,-0.1994,308,0.0228
5min,static,1.5000,0.0000,0.9939,0.0812,-0.1761,-0.0208,0.1612,0.0171,1.1737,-0.0234,0.3188,211,0.0150
5min,static,1.5000,0.5000,0.8507,0.0669,-0.2464,-0.0272,0.0783,0.0078,1.0407,-0.0779,0.2503,223,0.0156
5min,static,2.0000,0.0000,1.1279,0.0876,-0.1814,-0.0193,0.2109,0.0204,1.2567,-0.0592,0.3336,147,0.0105
5min,static,2.0000,0.5000,0.9666,0.0722,-0.2905,-0.0293,0.0914,0.0084,1.0987,-0.1609,0.2207,150,0.0106
5min,static,2.5000,0.0000,0.6439,0.0420,-0.4897,-0.0440,-0.1472,-0.0120,0.7409,-0.3895,-0.0491,100,0.0070
5min,static,2.5000,0.5000,0.5378,0.0346,-0.6054,-0.0539,-0.2599,-0.0210,0.6353,-0.5049,-0.1614,100,0.0070
5min,rolling,1.5000,0.0000,0.4413,0.0561,-1.2607,-0.1425,-0.5789,-0.0686,0.7880,-0.8002,-0.1664,667,0.0469
5min,rolling,1.5000,0.5000,1.1397,0.1082,-1.5802,-0.1649,-0.6259,-0.0634,1.6975,-0.9668,-0.0383,820,0.0579
5min,rolling,2.0000,0.0000,0.3519,0.0392,-1.6746,-0.1882,-0.9243,-0.1037,0.5982,-1.3690,-0.6421,424,0.0298
5min,rolling,2.0000,0.5000,0.7126,0.0735,-1.5241,-0.1592,-0.6976,-0.0727,1.0026,-1.1533,-0.3591,482,0.0338
5min,rolling,2.5000,0.0000,0.4356,0.0450,-1.6067,-0.1714,-0.8613,-0.0909,0.6220,-1.3584,-0.6371,313,0.0221
5min,rolling,2.5000,0.5000,0.7553,0.0727,-1.4714,-0.1469,-0.6608,-0.0652,0.9683,-1.1949,-0.4090,344,0.0236
5min,kalman,1.5000,0.0000,0.7459,0.0660,-0.2849,-0.0357,0.0187,0.0021,1.0979,0.0260,0.3369,474,0.0344
5min,kalman,1.5000,0.5000,0.6670,0.0505,-0.1561,-0.0168,0.0843,0.0082,1.1586,0.2735,0.5260,587,0.0418
5min,kalman,2.0000,0.0000,0.5872,0.0502,-0.6829,-0.0748,-0.2798,-0.0283,0.8493,-0.3982,-0.0048,352,0.0262
5min,kalman,2.0000,0.5000,0.9557,0.0681,-1.1543,-0.1135,-0.5143,-0.0460,1.2925,-0.8199,-0.1822,385,0.0283
5min,kalman,2.5000,0.0000,0.1272,0.0106,-0.8363,-0.0914,-0.5331,-0.0535,0.3123,-0.6030,-0.3168,260,0.0202
5min,kalman,2.5000,0.5000,0.5925,0.0424,-1.0811,-0.1106,-0.5827,-0.0537,0.8140,-0.8260,-0.3408,273,0.0210
15min,static,1.5000,0.0000,0.6668,0.0543,0.1415,0.0187,0.2757,0.0320,0.8372,0.2739,0.4147,201,0.0144
15min,static,1.5000,0.5000,0.6039,0.0467,0.0486,0.0063,0.1887,0.0213,0.7865,0.1859,0.3336,211,0.0149
15min,static,2.0000,0.0000,0.8601,0.0655,0.0636,0.0076,0.2756,0.0291,0.9851,0.1659,0.3816,138,0.0099
15min,static,2.0000,0.5000,0.6820,0.0498,0.0805,0.0094,0.2381,0.0244,0.8089,0.1866,0.3473,140,0.0100
15min,static,2.5000,0.0000,0.6201,0.0391,0.1069,0.0107,0.2410,0.0213,0.7139,0.1959,0.3293,97,0.0069
15min,static,2.5000,0.5000,0.5181,0.0319,0.0280,0.0028,0.1566,0.0136,0.6133,0.1180,0.2458,97,0.0069
15min,rolling,1.5000,0.0000,0.3367,0.0432,-1.2136,-0.1380,-0.5915,-0.0706,0.6282,-0.8149,-0.2377,556,0.0402
15min,rolling,1.5000,0.5000,1.0318,0.0906,-1.3689,-0.1452,-0.5757,-0.0575,1.5297,-0.8658,-0.0790,667,0.0480
15min,rolling,2.0000,0.0000,0.2807,0.0310,-1.1729,-0.1238,-0.6167,-0.0662,0.5047,-0.8803,-0.3514,381,0.0267
15min,rolling,2.0000,0.5000,0.7432,0.0803,-1.1503,-0.1102,-0.3912,-0.0394,0.9937,-0.8083,-0.0880,425,0.0291
15min,rolling,2.5000,0.0000,0.6796,0.0663,-0.8072,-0.0846,-0.2783,-0.0285,0.8593,-0.5739,-0.0656,282,0.0204
15min,rolling,2.5000,0.5000,0.8282,0.0784,-0.6999,-0.0677,-0.1389,-0.0133,1.0232,-0.4412,0.0951,305,0.0214
15min,kalman,1.5000,0.0000,0.5682,0.0483,-0.1309,-0.0156,0.0758,0.0082,0.8867,0.1745,0.3807,414,0.0313
15min,kalman,1.5000,0.5000,0.7967,0.0598,-0.2441,-0.0257,0.0642,0.0061,1.2171,0.1565,0.4651,503,0.0369
15min,kalman,2.0000,0.0000,0.5439,0.0445,-0.4813,-0.0499,-0.1537,-0.0148,0.7794,-0.2197,0.0975,303,0.0226
15min,kalman,2.0000,0.5000,0.6262,0.0435,-0.9891,-0.0920,-0.4894,-0.0416,0.9294,-0.6730,-0.1799,335,0.0250
15min,kalman,2.5000,0.0000,0.1712,0.0128,-0.9889,-0.1025,-0.6340,-0.0596,0.3414,-0.7779,-0.4380,223,0.0169
15min,kalman,2.5000,0.5000,0.1934,0.0124,-1.1646,-0.1055,-0.7541,-0.0616,0.3964,-0.9179,-0.5238,234,0.0176
30min,static,1.5000,0.0000,0.7252,0.0583,0.0564,0.0076,0.2248,0.0265,0.8930,0.1779,0.3548,189,0.0136
30min,static,1.5000,0.5000,0.7272,0.0559,0.0418,0.0056,0.2080,0.0243,0.9062,0.1657,0.3414,199,0.0142
30min,static,2.0000,0.0000,1.0268,0.0803,0.0302,0.0033,0.3231,0.0319,1.1452,0.1357,0.4315,134,0.0094
30min,static,2.0000,0.5000,0.9056,0.0684,-0.0418,-0.0045,0.2330,0.0226,1.0249,0.0662,0.3434,136,0.0094
30min,static,2.5000,0.0000,0.7884,0.0491,0.1620,0.0148,0.3367,0.0276,0.8815,0.2547,0.4281,92,0.0066
30min,static,2.5000,0.5000,0.7629,0.0467,0.0864,0.0078,0.2759,0.0223,0.8567,0.1800,0.3681,92,0.0066
30min,rolling,1.5000,0.0000,0.3205,0.0388,-1.3360,-0.1512,-0.6933,-0.0806,0.5874,-0.9859,-0.3777,480,0.0345
30min,rolling,1.5000,0.5000,1.1083,0.0976,-1.4950,-0.1587,-0.6330,-0.0633,1.5512,-1.0637,-0.2019,577,0.0414
30min,rolling,2.0000,0.0000,0.5555,0.0603,-0.8767,-0.0947,-0.3425,-0.0371,0.7602,-0.6122,-0.1017,346,0.0244
30min,rolling,2.0000,0.5000,0.8976,0.0888,-1.0897,-0.1085,-0.3531,-0.0351,1.1451,-0.7910,-0.0746,386,0.0264
30min,rolling,2.5000,0.0000,0.5676,0.0522,-1.1289,-0.1157,-0.5390,-0.0533,0.7420,-0.9178,-0.3426,249,0.0180
30min,rolling,2.5000,0.5000,0.6160,0.0519,-1.0935,-0.1088,-0.5203,-0.0490,0.8206,-0.8733,-0.3065,269,0.0190
30min,kalman,1.5000,0.0000,0.2996,0.0236,-0.3228,-0.0396,-0.1487,-0.0161,0.6060,-0.0651,0.1167,364,0.0270
30min,kalman,1.5000,0.5000,0.4807,0.0320,-0.3133,-0.0336,-0.0981,-0.0092,0.8903,0.0133,0.2425,429,0.0307
30min,kalman,2.0000,0.0000,0.3509,0.0273,-0.4973,-0.0535,-0.2400,-0.0234,0.5748,-0.2554,-0.0064,278,0.0212
30min,kalman,2.0000,0.5000,0.3887,0.0271,-0.9020,-0.0904,-0.5180,-0.0467,0.6519,-0.6358,-0.2570,295,0.0221
30min,kalman,2.5000,0.0000,0.2691,0.0191,-1.1221,-0.1132,-0.7032,-0.0640,0.4294,-0.9203,-0.5167,198,0.0155
30min,kalman,2.5000,0.5000,0.5028,0.0294,-1.3025,-0.1238,-0.8008,-0.0668,0.7000,-1.0815,-0.5922,207,0.0161
1h,static,1.5000,0.0000,0.7805,0.0625,-0.1014,-0.0136,0.1253,0.0147,0.9461,0.0194,0.2543,187,0.0134
1h,static,1.5000,0.5000,0.7061,0.0533,-0.1191,-0.0159,0.0852,0.0098,0.8830,0.0038,0.2176,193,0.0137
1h,static,2.0000,0.0000,0.9852,0.0768,-0.0502,-0.0055,0.2519,0.0251,1.0957,0.0546,0.3573,129,0.0091
1h,static,2.0000,0.5000,0.7472,0.0557,-0.0557,-0.0061,0.1717,0.0169,0.8596,0.0492,0.2773,129,0.0091
1h,static,2.5000,0.0000,0.7758,0.0469,0.2104,0.0187,0.3672,0.0292,0.8631,0.3085,0.4609,90,0.0065
1h,static,2.5000,0.5000,0.6228,0.0363,0.1685,0.0150,0.2905,0.0229,0.7131,0.2664,0.3847,90,0.0065
1h,rolling,1.5000,0.0000,0.1272,0.0142,-1.4639,-0.1592,-0.8626,-0.0947,0.3913,-1.1193,-0.5507,433,0.0321
1h,rolling,1.5000,0.5000,1.1790,0.0997,-1.5021,-0.1619,-0.6458,-0.0646,1.5878,-1.1212,-0.2604,506,0.0367
1h,rolling,2.0000,0.0000,0.8241,0.0867,-1.0877,-0.1124,-0.3678,-0.0383,1.0198,-0.8381,-0.1397,312,0.0220
1h,rolling,2.0000,0.5000,1.0293,0.0980,-1.2241,-0.1175,-0.3895,-0.0374,1.2659,-0.9506,-0.1302,340,0.0234
1h,rolling,2.5000,0.0000,0.6953,0.0644,-1.1437,-0.1069,-0.4636,-0.0432,0.8635,-0.9328,-0.2696,234,0.0166
1h,rolling,2.5000,0.5000,0.3786,0.0320,-1.0249,-0.0896,-0.5137,-0.0444,0.5745,-0.7963,-0.2977,249,0.0174
1h,kalman,1.5000,0.0000,0.7902,0.0626,-0.2260,-0.0290,0.0449,0.0051,1.0672,0.0194,0.2923,339,0.0262
1h,kalman,1.5000,0.5000,0.7387,0.0480,-0.4990,-0.0576,-0.1835,-0.0183,1.0954,-0.2006,0.1201,381,0.0287
1h,kalman,2.0000,0.0000,0.3637,0.0282,-0.9845,-0.1116,-0.5867,-0.0596,0.5809,-0.7657,-0.3722,259,0.0200
1h,kalman,2.0000,0.5000,0.8339,0.0525,-1.2769,-0.1388,-0.7162,-0.0677,1.1050,-1.0374,-0.4757,277,0.0211
1h,kalman,2.5000,0.0000,0.6795,0.0453,-0.9481,-0.1071,-0.5123,-0.0504,0.8359,-0.7806,-0.3523,184,0.0144
1h,kalman,2.5000,0.5000,0.4911,0.0288,-1.0901,-0.1159,-0.6778,-0.0621,0.6700,-0.9104,-0.5043,191,0.0147
1D,static,1.5000,0.0000,0.6800,0.0558,-0.4078,-0.0496,-0.0957,-0.0104,0.7950,-0.3029,0.0104,137,0.0101
1D,static,1.5000,0.5000,0.8856,0.0691,-0.5169,-0.0627,-0.1274,-0.0137,1.0122,-0.4119,-0.0182,142,0.0104
1D,static,2.0000,0.0000,1.0332,0.0718,-0.6627,-0.0688,-0.1782,-0.0165,1.1311,-0.5757,-0.0891,104,0.0071
1D,static,2.0000,0.5000,0.8999,0.0591,-0.7075,-0.0736,-0.2642,-0.0242,1.0019,-0.6204,-0.1742,105,0.0071
1D,static,2.5000,0.0000,0.0090,0.0005,-0.4936,-0.0442,-0.3554,-0.0276,0.0924,-0.4215,-0.2822,69,0.0050
1D,static,2.5000,0.5000,-0.2674,-0.0134,-0.5478,-0.0488,-0.4633,-0.0356,-0.1809,-0.4754,-0.3897,69,0.0050
1D,rolling,1.5000,0.0000,0.7014,0.0689,0.1389,0.0152,0.3340,0.0351,0.8334,0.3001,0.4846,190,0.0145
1D,rolling,1.5000,0.5000,1.0720,0.0977,0.2610,0.0267,0.5403,0.0531,1.2223,0.4423,0.7101,206,0.0155
1D,rolling,2.0000,0.0000,1.1846,0.1077,0.2448,0.0221,0.5960,0.0539,1.2935,0.3875,0.7258,143,0.0106
1D,rolling,2.0000,0.5000,1.6617,0.1402,0.3932,0.0339,0.8584,0.0734,1.7811,0.5408,0.9953,147,0.0108
1D,rolling,2.5000,0.0000,0.8731,0.0693,0.1715,0.0146,0.4208,0.0350,0.9558,0.2784,0.5187,103,0.0073
1D,rolling,2.5000,0.5000,1.0133,0.0795,0.4475,0.0365,0.6530,0.0525,1.0975,0.5574,0.7534,104,0.0073
1D,kalman,1.5000,0.0000,0.9303,0.0754,-0.5818,-0.0611,-0.1069,-0.0104,1.0807,-0.4260,0.0450,174,0.0133
1D,kalman,1.5000,0.5000,1.1760,0.0834,-0.4853,-0.0471,0.0168,0.0015,1.3506,-0.3131,0.1867,182,0.0138
1D,kalman,2.0000,0.0000,0.7668,0.0505,-0.4067,-0.0403,-0.0740,-0.0065,0.8823,-0.2682,0.0555,126,0.0103
1D,kalman,2.0000,0.5000,1.0321,0.0567,-0.0115,-0.0011,0.2533,0.0204,1.1685,0.1371,0.3946,129,0.0105
1D,kalman,2.5000,0.0000,-0.1082,-0.0065,-0.4845,-0.0443,-0.3726,-0.0303,-0.0311,-0.3938,-0.2872,77,0.0062
1D,kalman,2.5000,0.5000,0.0973,0.0047,-0.3411,-0.0285,-0.2230,-0.0161,0.1920,-0.2410,-0.1270,78,0.0063
