bar,method,validation_sharpe,oos_sharpe,oos_gross_sharpe
15min,kalman,0.4833,-0.6665,-0.3763
15min,rolling,0.6500,-1.0688,-0.7307
15min,static,0.6585,0.0782,0.1877
1D,kalman,0.6491,-0.3851,-0.2509
1D,rolling,1.0843,0.2762,0.4178
1D,static,0.5401,-0.5560,-0.4680
1h,kalman,0.6495,-0.8374,-0.6125
1h,rolling,0.7056,-1.2410,-0.9597
1h,static,0.7696,0.0087,0.1170
1min,kalman,0.0484,-0.8722,-0.5191
1min,rolling,0.5430,-1.2391,-0.7862
1min,static,1.1217,-0.3418,-0.2078
30min,kalman,0.3820,-0.7433,-0.4908
30min,rolling,0.6776,-1.1700,-0.8740
30min,static,0.8227,0.0558,0.1634
5min,kalman,0.6126,-0.6993,-0.3912
5min,rolling,0.6394,-1.5196,-1.1404
5min,static,0.8535,-0.3316,-0.2027
