period,series,start,end,years,cagr,vol,sharpe,sortino,max_dd,hit_rate_daily,skew,kurt,sharpe_ci_low,sharpe_ci_high,ff6_alpha_ann,ff6_alpha_t,beta_mkt,beta_spy,corr_spy,deflated_sharpe_prob
validation,Strategy (net),2021-05-03,2022-12-30,1.6700,0.1464,0.0844,1.6617,2.3436,-0.0660,0.2542,3.9440,35.3019,0.7150,2.6260,0.1500,2.3542,0.0669,0.0911,0.2190,0.8730
validation,Strategy (gross),2021-05-03,2022-12-30,1.6700,0.1580,0.0844,1.7811,2.3294,-0.0624,0.2637,3.9511,35.1900,0.8630,2.7582,0.1602,2.5092,0.0661,0.0906,0.2177,
validation,Average of all 108 variants (net),2021-05-03,2022-12-30,1.6700,0.0538,0.0527,1.0196,1.4252,-0.0478,0.5131,1.2087,11.3826,-0.2954,2.2279,0.0571,1.6276,0.0398,0.0517,0.1990,
validation,SPY buy & hold,2021-05-03,2022-12-30,1.6700,-0.0360,0.2028,-0.1171,-0.1719,-0.2450,0.4941,-0.0750,4.2257,-1.3180,1.3271,0.0016,0.1873,0.9931,1.0000,1.0000,
oos,Strategy (net),2023-01-03,2025-10-31,2.8200,0.0307,0.0862,0.3932,0.3629,-0.0988,0.1674,0.8230,22.1069,-0.7349,1.5165,0.0155,0.3014,0.0986,0.1077,0.1938,
oos,Strategy (gross),2023-01-03,2025-10-31,2.8200,0.0439,0.0863,0.5408,0.4580,-0.0931,0.1772,0.8914,22.2471,-0.5866,1.6660,0.0284,0.5477,0.0982,0.1070,0.1923,
oos,Average of all 108 variants (net),2023-01-03,2025-10-31,2.8200,-0.0655,0.0709,-0.9200,-0.8946,-0.2181,0.4501,-1.5028,15.6767,-2.1196,0.0336,-0.0742,-1.6513,0.0120,0.0324,0.0708,
oos,SPY buy & hold,2023-01-03,2025-10-31,2.8200,0.2436,0.1552,1.1580,1.5562,-0.1876,0.5738,0.9254,23.7903,0.1182,2.2794,-0.0065,-1.3112,1.0013,1.0000,1.0000,
full,Strategy (net),2021-05-03,2025-10-31,4.4900,0.0723,0.0855,0.8584,0.8975,-0.0988,0.1996,1.9298,26.9046,0.0390,1.6142,0.0689,1.7103,0.0863,0.0983,0.2006,
full,Strategy (gross),2021-05-03,2025-10-31,4.4900,0.0850,0.0856,0.9953,0.9526,-0.0931,0.2094,1.9746,26.9393,0.1869,1.7519,0.0807,1.9917,0.0857,0.0978,0.1993,
full,Average of all 108 variants (net),2021-05-03,2025-10-31,4.4900,-0.0228,0.0648,-0.3237,-0.3348,-0.2241,0.4735,-1.0366,16.2307,-1.2454,0.4463,-0.0200,-0.6279,0.0265,0.0411,0.1107,
full,SPY buy & hold,2021-05-03,2025-10-31,4.4900,0.1312,0.1745,0.5962,0.8197,-0.2450,0.5442,0.3297,12.2695,-0.2124,1.4804,-0.0002,-0.0347,0.9989,1.0000,1.0000,
