month,universe,candidates,p_below_5pct,bh_discoveries,eligible,selected
2021-05,56,86,5,0,3,3
2021-06,58,92,1,1,1,1
2021-07,60,93,8,0,2,2
2021-08,60,93,13,0,6,5
2021-09,61,93,5,0,2,2
2021-10,60,91,1,0,0,0
2021-11,61,91,6,0,1,1
2021-12,62,93,10,1,3,3
2022-01,62,93,4,0,1,1
2022-02,62,96,1,0,1,1
2022-03,63,96,1,0,1,1
2022-04,62,94,1,0,1,1
2022-05,63,96,6,0,3,3
2022-06,66,101,9,0,6,5
2022-07,66,101,6,0,1,1
2022-08,66,101,12,1,8,5
2022-09,65,100,5,1,5,5
2022-10,66,103,2,0,2,2
2022-11,66,103,3,0,2,2
2022-12,67,107,5,0,4,4
2023-01,67,107,6,0,2,2
2023-02,67,108,12,0,3,3
2023-03,66,104,3,0,2,2
2023-04,65,100,6,0,1,1
2023-05,65,100,3,0,1,1
2023-06,65,100,1,0,0,0
2023-07,65,100,5,0,0,0
2023-08,65,100,5,0,3,3
2023-09,66,102,3,0,2,2
2023-10,68,104,2,0,2,2
2023-11,67,102,5,0,4,4
2023-12,67,100,8,1,2,2
2024-01,67,100,6,0,4,4
2024-02,67,100,7,0,1,1
2024-03,66,98,2,0,1,1
2024-04,67,100,0,0,0,0
2024-05,68,103,1,0,1,1
2024-06,69,109,3,0,1,1
2024-07,70,113,4,0,1,1
2024-08,71,113,13,0,2,2
2024-09,70,113,6,0,3,3
2024-10,71,118,5,0,1,1
2024-11,72,126,17,0,3,3
2024-12,71,124,14,0,1,1
2025-01,71,124,10,1,6,4
2025-02,71,124,20,3,7,5
2025-03,72,124,8,0,7,3
2025-04,74,127,4,0,1,1
2025-05,75,127,4,0,1,1
2025-06,75,127,11,0,4,4
2025-07,76,129,5,0,1,1
2025-08,77,130,13,0,6,5
2025-09,78,140,14,0,7,2
2025-10,79,146,4,0,3,2
