month,y,x,group,p_eg,beta,hl_hours,hurst,johansen,bh_pass
2021-05,HST,AAL,Travel,0.008658,0.4595,15.44,0.4023,23.77,False
2021-05,MCHP,MU,Semiconductors,0.03741,0.457,17.51,0.4312,23.3,False
2021-05,MU,INTC,Semiconductors,0.04369,1.054,22.3,0.4235,20.4,False
2021-06,MU,INTC,Semiconductors,0.000421,0.8364,11.36,0.3892,28.52,True
2021-07,MU,INTC,Semiconductors,0.003031,0.7744,13.07,0.4069,23.67,False
2021-07,ON,MU,Semiconductors,0.01354,0.8648,18.29,0.4419,21.8,False
2021-08,QCOM,AMD,Semiconductors,0.0006179,0.5144,17.45,0.4174,26.34,False
2021-08,PLTR,APPS,Software,0.004407,0.5842,31.67,0.4538,30.55,False
2021-08,QCOM,AVGO,Semiconductors,0.006579,0.9081,28.41,0.4469,27.45,False
2021-08,AVGO,MRVL,Semiconductors,0.02607,0.2105,19.44,0.4085,22.74,False
2021-08,U,PLTR,Software,0.04683,0.747,18.94,0.4284,23.64,False
2021-09,QCOM,MRVL,Semiconductors,0.02338,0.3066,19.53,0.4066,21.68,False
2021-09,AVGO,MRVL,Semiconductors,0.02532,0.2049,19.78,0.4136,24.54,False
2021-11,QS,GT,"EVs, autos & batteries",0.006925,0.8908,23.58,0.4384,21.68,False
2021-12,MU,LRCX,Semiconductors,0.000498,1.146,11.74,0.3779,26,True
2021-12,AVGO,NVDA,Semiconductors,0.003375,0.3314,14.39,0.3902,25.92,False
2021-12,MRVL,AVGO,Semiconductors,0.02693,1.654,31.87,0.458,21.44,False
2022-01,LRCX,MU,Semiconductors,0.0009074,0.8126,12.15,0.402,22.65,False
2022-02,GOOGL,GOOG,Interactive media,0.01774,0.9758,10.81,0.3436,24.62,False
2022-03,GOOGL,GOOG,Interactive media,0.01012,0.9576,8.973,0.3546,26.69,False
2022-04,GOOGL,GOOG,Interactive media,0.003168,0.9769,8.428,0.3603,29.6,False
2022-05,APPS,MSFT,Software,0.01013,3.013,24.39,0.4844,24.17,False
2022-05,CSIQ,SEDG,Solar,0.01195,0.9047,13.1,0.4362,21.92,False
2022-05,PLTR,MSFT,Software,0.02272,3.579,21.08,0.4302,21.44,False
2022-06,AMD,MRVL,Semiconductors,0.000502,1.002,17.77,0.448,26.08,False
2022-06,GOOGL,GOOG,Interactive media,0.007225,1.006,8.132,0.3334,23.03,False
2022-06,MSFT,PLTR,Software,0.01227,0.2717,15.59,0.4354,21.07,False
2022-06,CSIQ,SEDG,Solar,0.01953,0.86,14.51,0.4509,20.96,False
2022-06,MCHP,MRVL,Semiconductors,0.02744,0.5981,22.61,0.433,21.9,False
2022-07,GOOGL,GOOG,Interactive media,0.001105,1.012,6.391,0.3099,29.43,False
2022-08,PYPL,HOOD,Fintech,6.734e-05,0.8864,14.27,0.412,40.59,True
2022-08,PYPL,UPST,Fintech,0.00304,0.2752,24.2,0.4631,27.45,False
2022-08,GOOGL,GOOG,Interactive media,0.003116,1.014,7.388,0.3156,26.22,False
2022-08,PINS,GOOGL,Interactive media,0.003235,1.252,14.93,0.4113,27.08,False
2022-08,PINS,GOOG,Interactive media,0.003615,1.268,15.17,0.4101,26.81,False
2022-09,GOOGL,GOOG,Interactive media,0.000343,1.009,7.801,0.3217,29.72,True
2022-09,RIVN,TSLA,"EVs, autos & batteries",0.003903,1.004,32.51,0.4878,29.94,False
2022-09,LRCX,AMD,Semiconductors,0.006163,0.6751,15.81,0.4158,23.64,False
2022-09,MU,AVGO,Semiconductors,0.018,1.386,28.23,0.4727,22.46,False
2022-09,AMD,MCHP,Semiconductors,0.02631,1.349,27.24,0.413,24.6,False
2022-10,LRCX,AMD,Semiconductors,0.000688,0.7262,12.18,0.4027,28.28,False
2022-10,GOOGL,GOOG,Interactive media,0.001877,1.006,8.925,0.3244,27.8,False
2022-11,U,MSFT,Software,0.004146,2.523,18.95,0.4494,25.7,False
2022-11,GOOGL,GOOG,Interactive media,0.006304,1.002,10.23,0.3027,21.45,False
2022-12,GOOGL,GOOG,Interactive media,0.01462,0.9886,11.37,0.3137,22.7,False
2022-12,APPS,MSFT,Software,0.01744,2.218,17.86,0.4359,21.48,False
2022-12,MU,NVDA,Semiconductors,0.02474,0.4896,26.6,0.485,22.67,False
2022-12,MSFT,U,Software,0.02689,0.347,20.1,0.4512,23.89,False
2023-01,APPS,MSFT,Software,0.007794,2.254,17.81,0.4428,20.62,False
2023-01,GOOGL,GOOG,Interactive media,0.01226,0.9861,9.613,0.315,23.33,False
2023-02,MSFT,U,Software,0.006751,0.3284,17.95,0.4617,20.84,False
2023-02,FTNT,PLTR,Software,0.01205,0.2583,16.86,0.4345,27.32,False
2023-02,APPS,MSFT,Software,0.02559,2.165,18.66,0.4437,20.86,False
2023-03,SNAP,GOOGL,Interactive media,0.02196,1.165,16.43,0.4129,22.76,False
2023-03,SNAP,GOOG,Interactive media,0.02315,1.142,16.56,0.412,22.6,False
2023-04,MRVL,QCOM,Semiconductors,0.01248,1.037,18.03,0.3819,23.9,False
2023-05,GRAB,LYFT,Ride-hailing,0.03093,0.316,25.53,0.4342,20.34,False
2023-08,GOOGL,GOOG,Interactive media,0.0009608,0.9978,9.272,0.3467,27.69,False
2023-08,META,GOOG,Interactive media,0.01481,1.618,29.75,0.4957,23.03,False
2023-08,META,GOOGL,Interactive media,0.02052,1.622,30.15,0.4909,22.31,False
2023-09,MRVL,AVGO,Semiconductors,0.001702,1.25,15.16,0.372,30.55,False
2023-09,GOOG,GOOGL,Interactive media,0.008851,0.9977,10.86,0.3678,29.76,False
2023-10,NVDA,AVGO,Semiconductors,0.007725,1.439,16.02,0.3213,22.22,False
2023-10,GOOG,GOOGL,Interactive media,0.02908,0.9978,12.24,0.3513,23.54,False
2023-11,KMB,KVUE,Household products,0.0007331,0.4925,13.97,0.3593,24.59,False
2023-11,GRAB,LYFT,Ride-hailing,0.005833,0.5017,18.52,0.4696,21.44,False
2023-11,MRVL,QCOM,Semiconductors,0.01575,1.84,30.11,0.4493,25.86,False
2023-11,NVDA,AVGO,Semiconductors,0.01722,1.338,18.21,0.3396,25.19,False
2023-12,KMB,KVUE,Household products,0.0001223,0.431,10.14,0.3395,28.9,True
2023-12,MCHP,MRVL,Semiconductors,0.008369,0.6966,23.83,0.4507,21.88,False
2024-01,F,RIVN,"EVs, autos & batteries",0.001249,0.5632,25.64,0.4613,26.46,False
2024-01,MU,INTC,Semiconductors,0.005228,0.6692,12.24,0.4093,22.62,False
2024-01,SOFI,HOOD,Fintech,0.007702,0.7837,15.38,0.4421,20.75,False
2024-01,KVUE,KMB,Household products,0.0306,2.008,18.2,0.356,21.22,False
2024-02,KMB,KVUE,Household products,0.006113,0.3365,14.44,0.3395,21.13,False
2024-03,KMB,KVUE,Household products,0.009517,0.2552,14.99,0.3602,25.07,False
2024-05,MSFT,FTNT,Software,0.006666,0.4361,19.61,0.4194,20.97,False
2024-06,HBAN,BAC,Banks,0.001562,0.6506,13.72,0.4322,25.29,False
2024-07,GOOGL,GOOG,Interactive media,0.02122,1.001,9.596,0.2786,22.82,False
2024-08,GOOGL,GOOG,Interactive media,0.001823,0.9983,6.958,0.2751,32.42,False
2024-08,SMCI,CSCO,Tech hardware,0.04169,1.238,28.93,0.4648,20.63,False
2024-09,SOFI,PYPL,Fintech,0.008446,0.3957,24.47,0.4732,21.58,False
2024-09,GOOGL,GOOG,Interactive media,0.03377,0.9968,9.445,0.2656,25.57,False
2024-09,MARA,CIFR,Bitcoin miners / hosting,0.04024,0.3155,33.69,0.4812,28.23,False
2024-10,CMCSA,WBD,Media & cable,0.01777,0.2459,18.29,0.4004,23.83,False
2024-11,PFE,VTRS,Pharma,0.00258,0.3093,18.8,0.447,26.61,False
2024-11,MARA,CLSK,Bitcoin miners / hosting,0.01083,0.4484,23.2,0.4753,21.87,False
2024-11,TEVA,VTRS,Pharma,0.02413,0.3383,37.23,0.473,24.03,False
2024-12,ON,MCHP,Semiconductors,0.01278,0.2139,16.84,0.4095,21.49,False
2025-01,ON,MCHP,Semiconductors,0.0002185,0.29,11.23,0.3807,31.42,True
2025-01,RIOT,CIFR,Bitcoin miners / hosting,0.007534,0.7708,15.13,0.3891,20.33,False
2025-01,ON,LRCX,Semiconductors,0.008946,0.2729,16.41,0.3935,26.98,False
2025-01,RXRX,SRPT,Biotech,0.04684,0.6668,20.83,0.4716,28.37,False
2025-02,INTC,NVDA,Semiconductors,0.0006753,0.3575,19.48,0.4052,31.67,True
2025-02,SNAP,META,Interactive media,0.0007702,1.1,19.75,0.4561,31.67,True
2025-02,INTC,AMD,Semiconductors,0.001081,0.378,18.86,0.3976,27.01,True
2025-02,FTNT,PLTR,Software,0.002855,0.349,17.71,0.4309,31.49,False
2025-02,RXRX,SRPT,Biotech,0.02383,0.2898,18.04,0.4662,25.55,False
2025-03,APLD,IREN,Bitcoin miners / hosting,0.002159,0.7077,19.97,0.4495,27.34,False
2025-03,APLD,MARA,Bitcoin miners / hosting,0.003108,0.6313,24.12,0.4332,24.43,False
2025-03,PLTR,FTNT,Software,0.02973,2.945,18.16,0.451,30.26,False
2025-04,AUR,RIVN,"EVs, autos & batteries",0.0006988,0.7045,15.83,0.3544,21.36,False
2025-05,AUR,RIVN,"EVs, autos & batteries",0.01034,0.7065,14.71,0.345,23.91,False
2025-06,GRAB,LYFT,Ride-hailing,0.01562,0.4913,16.32,0.3953,20.55,False
2025-06,F,RIVN,"EVs, autos & batteries",0.02025,0.2137,21.46,0.4389,22.42,False
2025-06,MU,MCHP,Semiconductors,0.02483,0.7762,18.36,0.451,20.47,False
2025-06,CLSK,MARA,Bitcoin miners / hosting,0.04297,0.8242,19.44,0.4643,20.37,False
2025-07,WULF,RIOT,Bitcoin miners / hosting,0.001788,1.303,14.76,0.3766,26.21,False
2025-08,PLTR,MSFT,Software,0.003462,1.803,16.75,0.4143,24.28,False
2025-08,GOOG,PINS,Interactive media,0.007089,0.4373,23.72,0.49,21.02,False
2025-08,GOOGL,PINS,Interactive media,0.007455,0.4536,23.64,0.4869,20.85,False
2025-08,CLSK,IREN,Bitcoin miners / hosting,0.03186,0.427,22.82,0.4013,21.9,False
2025-08,TSLA,RIVN,"EVs, autos & batteries",0.03764,1.035,30.04,0.4343,20.39,False
2025-09,MRVL,MU,Semiconductors,0.004913,0.593,21.46,0.4211,23.05,False
2025-09,MRVL,MCHP,Semiconductors,0.009061,0.5417,21.41,0.3873,22.27,False
2025-10,QCOM,MU,Semiconductors,0.006397,0.2334,16.35,0.4595,21.15,False
2025-10,QCOM,LRCX,Semiconductors,0.01303,0.2923,18.87,0.472,22,False
