month,method,entry,exit,slot,y,x,side,open,close,bars,reason,gross,cost,borrow,hl_hours,p_eg,z_entry,period
2021-05,rolling,2,0.5,1,MCHP,MU,1,2021-05-04 15:59:00,2021-05-07 15:59:00,3,reversion,0.00419408,0.000178263,1.64196e-05,17.5077,0.0374091,-2.70154,validation
2021-05,rolling,2,0.5,2,MU,INTC,1,2021-05-10 15:59:00,2021-05-20 15:59:00,8,reversion,0.0100412,0.000180773,4.01472e-05,22.2986,0.0436895,-2.16424,validation
2021-05,rolling,2,0.5,0,HST,AAL,1,2021-05-12 15:59:00,2021-05-24 15:59:00,8,time stop,-0.00348197,0.000470259,3.24391e-05,15.443,0.00865846,-2.05052,validation
2021-05,rolling,2,0.5,1,MCHP,MU,-1,2021-05-25 15:59:00,2021-05-28 15:59:00,3,month end,0.00215819,0.000179006,2.97994e-05,17.5077,0.0374091,2.59237,validation
2021-05,rolling,2,0.5,2,MU,INTC,1,2021-05-25 15:59:00,2021-05-28 15:59:00,3,reversion,0.00447043,0.000186575,3.03412e-05,22.2986,0.0436895,-3.20365,validation
2021-06,rolling,2,0.5,0,MU,INTC,1,2021-06-08 15:59:00,2021-06-09 15:59:00,1,stop-loss,-0.00140999,0.000183801,8.8902e-06,11.3551,0.000420994,-3.56897,validation
2021-07,rolling,2,0.5,1,ON,MU,-1,2021-07-12 15:59:00,2021-07-15 15:59:00,3,reversion,0.00731183,0.000222593,2.99623e-05,18.2925,0.0135402,2.0498,validation
2021-07,rolling,2,0.5,0,MU,INTC,-1,2021-07-23 15:59:00,2021-07-26 15:59:00,1,reversion,0.000712718,0.000195318,5.22941e-06,13.071,0.00303095,2.70774,validation
2021-07,rolling,2,0.5,1,ON,MU,-1,2021-07-29 15:59:00,2021-07-30 15:59:00,1,month end,-0.00328663,0.000219625,9.02179e-06,18.2925,0.0135402,3.05271,validation
2021-08,rolling,2,0.5,0,QCOM,AMD,1,2021-08-04 15:59:00,2021-08-09 15:59:00,3,reversion,0.00700329,0.00012803,1.0017e-05,17.4514,0.000617904,-2.346,validation
2021-08,rolling,2,0.5,1,PLTR,APPS,1,2021-08-06 15:59:00,2021-08-09 15:59:00,1,reversion,0.014688,0.000323161,6.46885e-06,31.6678,0.00440714,-3.21226,validation
2021-08,rolling,2,0.5,2,QCOM,AVGO,-1,2021-08-18 15:59:00,2021-08-19 15:59:00,1,reversion,0.00265854,0.00016782,5.39106e-06,28.41,0.00657907,2.94096,validation
2021-08,rolling,2,0.5,4,U,PLTR,1,2021-08-18 15:59:00,2021-08-20 15:59:00,2,reversion,0.0191047,0.000312383,1.82806e-05,18.9381,0.046833,-2.42019,validation
2021-08,rolling,2,0.5,3,AVGO,MRVL,1,2021-08-19 15:59:00,2021-08-27 15:59:00,6,reversion,0.0106335,0.000193421,3.02335e-05,19.4385,0.0260659,-2.2648,validation
2021-08,rolling,2,0.5,2,QCOM,AVGO,1,2021-08-26 15:59:00,2021-08-31 15:59:00,3,month end,0.000279316,0.000163652,2.82646e-05,28.41,0.00657907,-3.06804,validation
2021-08,rolling,2,0.5,3,AVGO,MRVL,-1,2021-08-30 15:59:00,2021-08-31 15:59:00,1,month end,0.000701985,0.000186583,1.2552e-05,19.4385,0.0260659,2.42554,validation
2021-11,rolling,2,0.5,0,QS,GT,-1,2021-11-01 15:59:00,2021-11-05 15:59:00,4,reversion,0.0100384,0.000355695,3.87375e-05,23.5762,0.00692496,2.66693,validation
2021-11,rolling,2,0.5,0,QS,GT,-1,2021-11-08 14:59:00,2021-11-10 14:59:00,2,reversion,0.0109541,0.000318373,1.39869e-05,23.5762,0.00692496,2.45867,validation
2021-11,rolling,2,0.5,0,QS,GT,-1,2021-11-15 14:59:00,2021-11-16 14:59:00,1,reversion,0.00707081,0.000332836,6.0593e-06,23.5762,0.00692496,2.18694,validation
2021-12,rolling,2,0.5,0,MU,LRCX,1,2021-12-01 14:59:00,2021-12-02 14:59:00,1,reversion,0.00521475,0.000204883,9.58659e-06,11.7425,0.000498012,-2.35895,validation
2021-12,rolling,2,0.5,2,MRVL,AVGO,-1,2021-12-06 14:59:00,2021-12-10 14:59:00,4,reversion,0.00934703,0.000170056,4.36043e-05,31.8673,0.0269334,3.95225,validation
2021-12,rolling,2,0.5,0,MU,LRCX,-1,2021-12-22 14:59:00,2021-12-31 14:59:00,6,time stop,-0.00540172,0.000182199,6.89396e-05,11.7425,0.000498012,2.5957,validation
2022-01,rolling,2,0.5,0,LRCX,MU,1,2022-01-07 14:59:00,2022-01-14 14:59:00,5,reversion,0.021734,0.000230369,2.25134e-05,12.149,0.00090738,-3.02578,validation
2022-02,rolling,2,0.5,0,GOOGL,GOOG,-1,2022-02-02 14:59:00,2022-02-09 14:59:00,5,time stop,0.000264449,0.000211772,3.93495e-05,10.8075,0.0177399,2.54438,validation
2022-02,rolling,2,0.5,0,GOOGL,GOOG,-1,2022-02-22 14:59:00,2022-02-23 14:59:00,1,reversion,0.000620718,0.000211594,7.82537e-06,10.8075,0.0177399,2.69394,validation
2022-02,rolling,2,0.5,0,GOOGL,GOOG,1,2022-02-25 14:59:00,2022-02-28 14:59:00,1,reversion,0.000448704,0.000217145,7.97111e-06,10.8075,0.0177399,-2.05378,validation
2022-03,rolling,2,0.5,0,GOOGL,GOOG,1,2022-03-02 14:59:00,2022-03-08 14:59:00,4,reversion,4.38397e-05,9.88522e-05,3.08273e-05,8.9729,0.0101215,-2.41744,validation
2022-03,rolling,2,0.5,0,GOOGL,GOOG,1,2022-03-14 15:59:00,2022-03-15 15:59:00,1,reversion,0.000716367,0.000102004,7.92292e-06,8.9729,0.0101215,-2.4971,validation
2022-03,rolling,2,0.5,0,GOOGL,GOOG,1,2022-03-17 15:59:00,2022-03-21 15:59:00,2,reversion,0.000272607,0.000101927,1.63616e-05,8.9729,0.0101215,-2.28978,validation
2022-03,rolling,2,0.5,0,GOOGL,GOOG,1,2022-03-29 15:59:00,2022-03-31 15:59:00,2,month end,0.000106933,9.9182e-05,1.60856e-05,8.9729,0.0101215,-2.44405,validation
2022-04,rolling,2,0.5,0,GOOGL,GOOG,1,2022-04-26 15:59:00,2022-04-29 15:59:00,3,month end,-0.00078591,0.000129604,2.43307e-05,8.42791,0.00316812,-3.25787,validation
2022-05,rolling,2,0.5,0,APPS,MSFT,1,2022-05-10 15:59:00,2022-05-12 15:59:00,2,reversion,0.0107109,0.000171802,2.3806e-05,24.388,0.0101293,-2.13682,validation
2022-05,rolling,2,0.5,2,PLTR,MSFT,1,2022-05-06 15:59:00,2022-05-12 15:59:00,4,reversion,0.0141692,0.000488059,3.47818e-05,21.0817,0.0227222,-2.16738,validation
2022-05,rolling,2,0.5,0,APPS,MSFT,1,2022-05-24 15:59:00,2022-05-31 15:59:00,4,month end,0.00137722,0.000194766,4.63042e-05,24.388,0.0101293,-2.61703,validation
2022-06,rolling,2,0.5,1,GOOGL,GOOG,1,2022-06-15 15:59:00,2022-06-22 15:59:00,4,time stop,-0.000109335,0.00023097,3.24707e-05,8.13238,0.00722476,-2.17139,validation
2022-06,rolling,2,0.5,2,MSFT,PLTR,1,2022-06-10 15:59:00,2022-06-23 15:59:00,8,time stop,0.000263541,0.000318713,3.2609e-05,15.5938,0.0122656,-2.2129,validation
2022-06,rolling,2,0.5,3,CSIQ,SEDG,1,2022-06-15 15:59:00,2022-06-24 15:59:00,6,reversion,0.00763039,0.000420212,4.89311e-05,14.5082,0.0195327,-2.05697,validation
2022-06,rolling,2,0.5,0,AMD,MRVL,1,2022-06-29 15:59:00,2022-06-30 15:59:00,1,month end,-0.00338263,0.000199331,7.62344e-06,17.7669,0.000502015,-2.02805,validation
2022-06,rolling,2,0.5,1,GOOGL,GOOG,1,2022-06-24 15:59:00,2022-06-30 15:59:00,4,time stop,0.000904699,0.00021658,3.13265e-05,8.13238,0.00722476,-2.43202,validation
2022-06,rolling,2,0.5,4,MCHP,MRVL,-1,2022-06-28 15:59:00,2022-06-30 15:59:00,2,month end,3.76161e-06,0.000210999,1.78663e-05,22.6071,0.0274378,2.12959,validation
2022-07,rolling,2,0.5,0,GOOGL,GOOG,1,2022-07-14 15:59:00,2022-07-19 15:59:00,3,time stop,0.000485589,0.00021054,2.33112e-05,6.39054,0.00110493,-3.24215,validation
2022-07,rolling,2,0.5,0,GOOGL,GOOG,-1,2022-07-28 15:59:00,2022-07-29 15:59:00,1,month end,-0.000138324,0.00022408,8.0424e-06,6.39054,0.00110493,2.11764,validation
2022-08,rolling,2,0.5,0,PYPL,HOOD,-1,2022-08-01 15:59:00,2022-08-03 15:59:00,2,reversion,0.0229226,0.000546594,1.44992e-05,14.2733,6.73398e-05,2.18211,validation
2022-08,rolling,2,0.5,3,PINS,GOOGL,-1,2022-08-02 15:59:00,2022-08-10 15:59:00,6,reversion,0.00195057,0.000293876,4.55185e-05,14.9335,0.00323508,2.36401,validation
2022-08,rolling,2,0.5,4,PINS,GOOG,-1,2022-08-02 15:59:00,2022-08-10 15:59:00,6,reversion,0.0023171,0.000292433,4.50255e-05,15.1696,0.00361541,2.35652,validation
2022-08,rolling,2,0.5,0,PYPL,HOOD,-1,2022-08-19 15:59:00,2022-08-26 15:59:00,5,reversion,0.0105694,0.000483076,4.15399e-05,14.2733,6.73398e-05,3.48117,validation
2022-08,rolling,2,0.5,2,GOOGL,GOOG,1,2022-08-24 15:59:00,2022-08-29 15:59:00,3,reversion,-0.000112164,0.000203499,2.33393e-05,7.3882,0.00311553,-2.26828,validation
2022-08,rolling,2,0.5,3,PINS,GOOGL,-1,2022-08-25 15:59:00,2022-08-30 15:59:00,3,reversion,-0.00925522,0.000258059,1.56565e-05,14.9335,0.00323508,2.62847,validation
2022-08,rolling,2,0.5,4,PINS,GOOG,-1,2022-08-25 15:59:00,2022-08-30 15:59:00,3,reversion,-0.00987301,0.000256052,1.53357e-05,15.1696,0.00361541,2.67901,validation
2022-09,rolling,2,0.5,3,MU,AVGO,-1,2022-09-01 15:59:00,2022-09-02 15:59:00,1,reversion,-0.00113503,0.000176118,6.77405e-06,28.2288,0.0180028,3.28915,validation
2022-09,rolling,2,0.5,0,GOOGL,GOOG,-1,2022-09-06 15:59:00,2022-09-07 15:59:00,1,reversion,0.000461873,0.000187365,7.87026e-06,7.80132,0.000342968,2.43701,validation
2022-09,rolling,2,0.5,2,LRCX,AMD,-1,2022-09-01 15:59:00,2022-09-14 15:59:00,8,time stop,-0.00952329,0.000165625,6.23334e-05,15.8106,0.00616272,3.08081,validation
2022-09,rolling,2,0.5,1,RIVN,TSLA,-1,2022-09-13 15:59:00,2022-09-19 15:59:00,4,reversion,0.0134067,0.000211966,2.92343e-05,32.5147,0.00390279,2.5034,validation
2022-09,rolling,2,0.5,4,AMD,MCHP,1,2022-09-01 15:59:00,2022-09-21 15:59:00,13,time stop,-0.0166126,0.000170914,0.000111801,27.2398,0.0263131,-2.91215,validation
2022-09,rolling,2,0.5,3,MU,AVGO,1,2022-09-14 15:59:00,2022-09-23 15:59:00,7,reversion,0.00671559,0.000181063,5.57403e-05,28.2288,0.0180028,-2.90668,validation
2022-09,rolling,2,0.5,0,GOOGL,GOOG,-1,2022-09-22 15:59:00,2022-09-26 15:59:00,2,reversion,1.62683e-05,0.000188905,1.60137e-05,7.80132,0.000342968,3.77245,validation
2022-10,rolling,2,0.5,0,LRCX,AMD,-1,2022-10-04 15:59:00,2022-10-10 15:59:00,4,reversion,0.00566818,0.000235886,3.80297e-05,12.1766,0.000688027,3.36938,validation
2022-10,rolling,2,0.5,1,GOOGL,GOOG,1,2022-10-07 15:59:00,2022-10-13 15:59:00,4,reversion,0.000587631,0.00014914,3.09153e-05,8.92541,0.00187697,-2.43589,validation
2022-10,rolling,2,0.5,0,LRCX,AMD,1,2022-10-11 15:59:00,2022-10-19 15:59:00,6,time stop,0.00271007,0.000263409,3.21351e-05,12.1766,0.000688027,-3.7448,validation
2022-10,rolling,2,0.5,1,GOOGL,GOOG,-1,2022-10-21 15:59:00,2022-10-26 15:59:00,3,stop-loss,-0.00115938,0.000144605,2.4402e-05,8.92541,0.00187697,2.74684,validation
2022-10,rolling,2,0.5,0,LRCX,AMD,-1,2022-10-27 15:59:00,2022-10-31 15:59:00,2,month end,-0.00389058,0.000245773,1.59692e-05,12.1766,0.000688027,2.25247,validation
2022-11,rolling,2,0.5,0,U,MSFT,1,2022-11-04 15:59:00,2022-11-11 14:59:00,5,reversion,0.0603972,0.000323603,3.01136e-05,18.9464,0.00414582,-2.43867,validation
2022-11,rolling,2,0.5,0,U,MSFT,-1,2022-11-15 14:59:00,2022-11-21 14:59:00,4,reversion,0.013111,0.000222284,2.36725e-05,18.9464,0.00414582,2.3455,validation
2022-11,rolling,2,0.5,1,GOOGL,GOOG,-1,2022-11-25 12:59:00,2022-11-28 14:59:00,1,reversion,5.89564e-05,0.000152316,8.06706e-06,10.2314,0.00630361,2.16,validation
2022-12,rolling,2,0.5,2,MU,NVDA,1,2022-12-01 14:59:00,2022-12-13 14:59:00,8,reversion,-0.00635579,0.000216873,4.16938e-05,26.5954,0.0247394,-2.8443,validation
2022-12,rolling,2,0.5,0,GOOGL,GOOG,1,2022-12-15 14:59:00,2022-12-22 14:59:00,5,reversion,-0.000255231,0.000179678,3.93286e-05,11.3655,0.0146167,-2.69262,validation
2023-01,rolling,2,0.5,1,GOOGL,GOOG,1,2023-01-06 14:59:00,2023-01-13 14:59:00,5,time stop,-1.31488e-05,0.000194132,4.08281e-05,9.61324,0.0122629,-2.39548,oos
2023-01,rolling,2,0.5,0,APPS,MSFT,-1,2023-01-05 14:59:00,2023-01-19 14:59:00,9,time stop,0.0141876,0.000307541,6.52632e-05,17.8076,0.00779417,2.33999,oos
2023-01,rolling,2,0.5,1,GOOGL,GOOG,1,2023-01-23 14:59:00,2023-01-27 14:59:00,4,reversion,0.00028354,0.000186508,3.085e-05,9.61324,0.0122629,-2.84563,oos
2023-02,rolling,2,0.5,0,MSFT,U,-1,2023-02-08 14:59:00,2023-02-09 14:59:00,1,reversion,0.00659843,0.000148627,1.08031e-05,17.9535,0.00675078,2.75537,oos
2023-02,rolling,2,0.5,2,APPS,MSFT,1,2023-02-08 14:59:00,2023-02-09 14:59:00,1,stop-loss,-0.0103759,0.000405735,6.03596e-06,18.6633,0.0255945,-2.28108,oos
2023-02,rolling,2,0.5,0,MSFT,U,-1,2023-02-13 14:59:00,2023-02-15 14:59:00,2,reversion,0.0235621,0.000156642,2.18931e-05,17.9535,0.00675078,2.12041,oos
2023-02,rolling,2,0.5,1,FTNT,PLTR,-1,2023-02-09 14:59:00,2023-02-16 14:59:00,5,reversion,0.0140263,0.000442098,5.66036e-05,16.8644,0.012055,2.73252,oos
2023-03,rolling,2,0.5,0,SNAP,GOOGL,-1,2023-03-06 14:59:00,2023-03-09 14:59:00,3,reversion,0.0137612,0.000388705,2.13429e-05,16.4344,0.0219557,3.82445,oos
2023-03,rolling,2,0.5,1,SNAP,GOOG,-1,2023-03-06 14:59:00,2023-03-09 14:59:00,3,reversion,0.0137801,0.000381942,2.15217e-05,16.5562,0.0231498,3.72365,oos
2023-03,rolling,2,0.5,0,SNAP,GOOGL,1,2023-03-15 15:59:00,2023-03-21 15:59:00,4,reversion,-0.0116959,0.000368907,4.23518e-05,16.4344,0.0219557,-2.14498,oos
2023-03,rolling,2,0.5,1,SNAP,GOOG,1,2023-03-15 15:59:00,2023-03-21 15:59:00,4,reversion,-0.0131794,0.00035659,4.26628e-05,16.5562,0.0231498,-2.20009,oos
2023-04,rolling,2,0.5,0,MRVL,QCOM,1,2023-04-06 15:59:00,2023-04-12 15:59:00,3,reversion,0.0103047,0.000192756,2.5404e-05,18.028,0.0124773,-2.60623,oos
2023-08,rolling,2,0.5,0,GOOGL,GOOG,1,2023-08-18 15:59:00,2023-08-25 15:59:00,5,time stop,8.67375e-05,0.000151782,4.02195e-05,9.27213,0.000960781,-2.37187,oos
2023-08,rolling,2,0.5,1,META,GOOG,1,2023-08-17 15:59:00,2023-08-30 15:59:00,9,reversion,0.00721844,0.000162881,5.72769e-05,29.7504,0.0148109,-3.43168,oos
2023-08,rolling,2,0.5,2,META,GOOGL,1,2023-08-17 15:59:00,2023-08-31 15:59:00,10,reversion,0.00647624,0.000160567,6.43599e-05,30.1538,0.0205231,-3.4474,oos
2023-09,rolling,2,0.5,1,GOOG,GOOGL,1,2023-09-08 15:59:00,2023-09-15 15:59:00,5,reversion,-2.93482e-05,0.000172651,4.07122e-05,10.8583,0.00885076,-2.7668,oos
2023-10,rolling,2,0.5,0,NVDA,AVGO,-1,2023-10-03 15:59:00,2023-10-09 15:59:00,4,reversion,0.00611097,0.000200395,2.34371e-05,16.0202,0.0077255,2.35082,oos
2023-10,rolling,2,0.5,1,GOOG,GOOGL,-1,2023-10-06 15:59:00,2023-10-16 15:59:00,6,time stop,-0.0004665,0.000142429,4.89149e-05,12.2445,0.0290827,3.51863,oos
2023-10,rolling,2,0.5,1,GOOG,GOOGL,-1,2023-10-23 15:59:00,2023-10-24 15:59:00,1,reversion,-0.000824159,0.000136605,7.74208e-06,12.2445,0.0290827,2.36248,oos
2023-10,rolling,2,0.5,0,NVDA,AVGO,1,2023-10-18 15:59:00,2023-10-30 15:59:00,8,time stop,-0.00313175,0.000186889,5.7943e-05,16.0202,0.0077255,-3.21423,oos
2023-10,rolling,2,0.5,1,GOOG,GOOGL,-1,2023-10-25 15:59:00,2023-10-31 15:59:00,4,month end,7.62366e-05,0.000144647,3.14366e-05,12.2445,0.0290827,3.68266,oos
2023-11,rolling,2,0.5,2,MRVL,QCOM,1,2023-11-01 15:59:00,2023-11-02 15:59:00,1,stop-loss,-0.00140057,0.000165402,1.08019e-05,30.1087,0.0157544,-2.85099,oos
2023-11,rolling,2,0.5,1,GRAB,LYFT,1,2023-11-02 15:59:00,2023-11-03 15:59:00,1,stop-loss,-0.0044281,0.00159264,6.48827e-06,18.5207,0.00583336,-2.20901,oos
2023-11,rolling,2,0.5,3,NVDA,AVGO,1,2023-11-10 14:59:00,2023-11-13 14:59:00,1,reversion,-0.00063793,0.000219294,9.89807e-06,18.2138,0.0172177,-2.06579,oos
2023-11,rolling,2,0.5,3,NVDA,AVGO,1,2023-11-24 12:59:00,2023-11-27 14:59:00,1,reversion,0.0082255,0.000212541,8.63615e-06,18.2138,0.0172177,-2.3696,oos
2023-11,rolling,2,0.5,1,GRAB,LYFT,1,2023-11-29 14:59:00,2023-11-30 14:59:00,1,month end,-0.00349576,0.00194948,3.30744e-06,18.5207,0.00583336,-2.15964,oos
2023-12,rolling,2,0.5,0,KMB,KVUE,1,2023-12-05 14:59:00,2023-12-06 14:59:00,1,reversion,0.00145356,0.000250075,3.873e-06,10.1373,0.000122299,-2.54298,oos
2023-12,rolling,2,0.5,0,KMB,KVUE,1,2023-12-07 14:59:00,2023-12-13 14:59:00,4,reversion,0.00167017,0.000244209,1.38659e-05,10.1373,0.000122299,-2.76051,oos
2023-12,rolling,2,0.5,1,MCHP,MRVL,-1,2023-12-01 14:59:00,2023-12-18 14:59:00,11,time stop,0.0134387,0.000213136,9.14017e-05,23.8308,0.00836881,3.61301,oos
2024-01,rolling,2,0.5,0,F,RIVN,-1,2024-01-02 14:59:00,2024-01-11 14:59:00,7,reversion,-0.00384009,0.000572149,7.58669e-05,25.6376,0.00124929,3.25122,oos
2024-01,rolling,2,0.5,1,MU,INTC,-1,2024-01-19 14:59:00,2024-01-26 14:59:00,5,stop-loss,-0.0133596,0.000194222,5.15423e-05,12.2363,0.0052279,2.06725,oos
2024-01,rolling,2,0.5,3,KVUE,KMB,1,2024-01-17 14:59:00,2024-01-29 14:59:00,8,reversion,0.0021259,0.000310186,4.99361e-05,18.2027,0.0306019,-3.06725,oos
2024-01,rolling,2,0.5,0,F,RIVN,-1,2024-01-25 14:59:00,2024-01-30 14:59:00,3,stop-loss,-0.00866967,0.000648525,3.78637e-05,25.6376,0.00124929,2.22617,oos
2024-01,rolling,2,0.5,2,SOFI,HOOD,-1,2024-01-29 14:59:00,2024-01-31 14:59:00,2,month end,0.014635,0.000740878,1.30269e-05,15.3839,0.00770201,3.68691,oos
2024-02,rolling,2,0.5,0,KMB,KVUE,-1,2024-02-22 14:59:00,2024-02-29 14:59:00,5,month end,-0.000829479,0.000188381,6.54116e-05,14.4421,0.00611339,2.22623,oos
2024-05,rolling,2,0.5,0,MSFT,FTNT,-1,2024-05-06 15:59:00,2024-05-20 15:59:00,10,time stop,-0.00165983,0.000145701,0.000102791,19.6097,0.00666612,3.28736,oos
2024-08,rolling,2,0.5,0,GOOGL,GOOG,-1,2024-08-05 15:59:00,2024-08-06 15:59:00,1,stop-loss,0.00029176,0.000142841,7.87372e-06,6.95759,0.00182306,2.17771,oos
2024-08,rolling,2,0.5,1,SMCI,CSCO,1,2024-08-07 15:59:00,2024-08-12 15:59:00,3,reversion,0.0183826,0.000255564,3.06501e-05,28.9348,0.0416935,-2.62742,oos
2024-08,rolling,2,0.5,1,SMCI,CSCO,1,2024-08-28 15:59:00,2024-08-30 15:59:00,2,month end,-0.00612955,0.000257081,1.32998e-05,28.9348,0.0416935,-3.63488,oos
2024-09,rolling,2,0.5,1,GOOGL,GOOG,-1,2024-09-09 15:59:00,2024-09-10 15:59:00,1,reversion,0.000301451,0.000161864,7.93582e-06,9.44491,0.0337719,2.808,oos
2024-09,rolling,2,0.5,0,SOFI,PYPL,-1,2024-09-13 15:59:00,2024-09-19 15:59:00,4,reversion,0.0151578,0.000522517,2.69742e-05,24.4662,0.00844622,2.20325,oos
2024-09,rolling,2,0.5,1,GOOGL,GOOG,-1,2024-09-12 15:59:00,2024-09-19 15:59:00,5,time stop,-0.000129769,0.000165706,4.0902e-05,9.44491,0.0337719,3.4122,oos
2024-09,rolling,2,0.5,2,MARA,CIFR,1,2024-09-25 15:59:00,2024-09-27 15:59:00,2,reversion,0.00554474,0.000997556,1.25194e-05,33.6913,0.0402407,-2.97683,oos
2024-11,rolling,2,0.5,1,MARA,CLSK,1,2024-11-01 15:59:00,2024-11-06 14:59:00,3,reversion,0.0148611,0.000611043,1.7034e-05,23.2019,0.010833,-2.36551,oos
2024-11,rolling,2,0.5,2,TEVA,VTRS,-1,2024-11-04 14:59:00,2024-11-06 14:59:00,2,reversion,0.016718,0.000570757,1.48624e-05,37.2254,0.024133,3.01094,oos
2024-11,rolling,2,0.5,1,MARA,CLSK,-1,2024-11-11 14:59:00,2024-11-13 14:59:00,2,reversion,0.000811508,0.000418191,1.95203e-05,23.2019,0.010833,3.2261,oos
2024-11,rolling,2,0.5,0,PFE,VTRS,1,2024-11-07 14:59:00,2024-11-20 14:59:00,9,time stop,-0.0281246,0.000381356,2.80101e-05,18.8021,0.0025799,-3.65736,oos
2024-11,rolling,2,0.5,1,MARA,CLSK,-1,2024-11-20 14:59:00,2024-11-21 14:59:00,1,stop-loss,-0.00568203,0.000430621,8.08678e-06,23.2019,0.010833,3.60218,oos
2024-12,rolling,2,0.5,0,ON,MCHP,-1,2024-12-02 14:59:00,2024-12-04 14:59:00,2,reversion,0.00879247,0.000237501,2.14611e-05,16.8437,0.0127757,2.44901,oos
2024-12,rolling,2,0.5,0,ON,MCHP,-1,2024-12-17 14:59:00,2024-12-19 14:59:00,2,reversion,0.00712789,0.000245474,2.07134e-05,16.8437,0.0127757,2.19449,oos
2024-12,rolling,2,0.5,0,ON,MCHP,1,2024-12-30 14:59:00,2024-12-31 14:59:00,1,month end,-0.00154934,0.000252488,4.84655e-06,16.8437,0.0127757,-2.11651,oos
2025-01,rolling,2,0.5,0,ON,MCHP,1,2025-01-02 14:59:00,2025-01-08 14:59:00,4,stop-loss,-0.0245824,0.000234855,1.8457e-05,11.2252,0.000218525,-3.29802,oos
2025-01,rolling,2,0.5,2,ON,LRCX,1,2025-01-02 14:59:00,2025-01-08 14:59:00,4,stop-loss,-0.0309033,0.000209584,2.14021e-05,16.4139,0.0089464,-2.99392,oos
2025-01,rolling,2,0.5,1,RIOT,CIFR,-1,2025-01-14 14:59:00,2025-01-24 14:59:00,7,time stop,0.0119317,0.000892864,7.22815e-05,15.1279,0.00753383,2.11567,oos
2025-01,rolling,2,0.5,3,RXRX,SRPT,-1,2025-01-21 14:59:00,2025-01-27 14:59:00,4,reversion,0.00316903,0.000527168,1.76394e-05,20.8324,0.0468414,2.19921,oos
2025-01,rolling,2,0.5,3,RXRX,SRPT,-1,2025-01-30 14:59:00,2025-01-31 14:59:00,1,month end,0.0126946,0.000651618,8.17093e-06,20.8324,0.0468414,2.47246,oos
2025-02,rolling,2,0.5,3,FTNT,PLTR,1,2025-02-04 14:59:00,2025-02-05 14:59:00,1,reversion,0.00504584,0.000193251,3.78633e-06,17.7085,0.00285486,-3.84736,oos
2025-02,rolling,2,0.5,0,INTC,NVDA,-1,2025-02-12 14:59:00,2025-02-13 14:59:00,1,stop-loss,-0.0104085,0.000299852,1.04915e-05,19.4845,0.000675334,2.93238,oos
2025-02,rolling,2,0.5,2,INTC,AMD,-1,2025-02-11 14:59:00,2025-02-13 14:59:00,2,stop-loss,-0.0186116,0.000302742,1.73733e-05,18.8621,0.00108138,2.72247,oos
2025-02,rolling,2,0.5,0,INTC,NVDA,-1,2025-02-19 14:59:00,2025-02-28 14:59:00,7,month end,-0.00707746,0.000247223,6.01386e-05,19.4845,0.000675334,2.22551,oos
2025-02,rolling,2,0.5,3,FTNT,PLTR,-1,2025-02-19 14:59:00,2025-02-28 14:59:00,7,month end,0.00214625,0.00017473,8.4896e-05,17.7085,0.00285486,2.03079,oos
2025-03,rolling,2,0.5,0,APLD,IREN,-1,2025-03-24 15:59:00,2025-03-26 15:59:00,2,reversion,0.0208785,0.000945947,1.70823e-05,19.9683,0.00215898,2.01843,oos
2025-03,rolling,2,0.5,2,PLTR,FTNT,-1,2025-03-24 15:59:00,2025-03-28 15:59:00,4,reversion,0.0416234,0.000299517,4.30207e-05,18.161,0.0297336,3.23079,oos
2025-03,rolling,2,0.5,1,APLD,MARA,1,2025-03-27 15:59:00,2025-03-31 15:59:00,2,month end,-0.00295159,0.00106138,7.8169e-06,24.1171,0.00310817,-2.11215,oos
2025-04,rolling,2,0.5,0,AUR,RIVN,1,2025-04-01 15:59:00,2025-04-02 15:59:00,1,reversion,0.00974722,0.000935709,5.94035e-06,15.8301,0.000698809,-2.0657,oos
2025-04,rolling,2,0.5,0,AUR,RIVN,1,2025-04-04 15:59:00,2025-04-09 15:59:00,3,reversion,0.0473918,0.00121131,1.46757e-05,15.8301,0.000698809,-2.83345,oos
2025-05,rolling,2,0.5,0,AUR,RIVN,1,2025-05-01 15:59:00,2025-05-02 15:59:00,1,reversion,0.0223709,0.000773815,8.57514e-06,14.7119,0.0103379,-2.83791,oos
2025-05,rolling,2,0.5,0,AUR,RIVN,1,2025-05-13 15:59:00,2025-05-22 15:59:00,7,time stop,-0.0229411,0.000833544,6.39262e-05,14.7119,0.0103379,-2.4676,oos
2025-06,rolling,2,0.5,0,GRAB,LYFT,1,2025-06-12 15:59:00,2025-06-17 15:59:00,3,reversion,0.0160891,0.00129869,1.24035e-05,16.3192,0.0156207,-2.16755,oos
2025-06,rolling,2,0.5,2,MU,MCHP,-1,2025-06-06 15:59:00,2025-06-20 15:59:00,9,time stop,-0.0189636,0.000203673,8.70738e-05,18.3551,0.02483,2.00373,oos
2025-06,rolling,2,0.5,3,CLSK,MARA,-1,2025-06-26 15:59:00,2025-06-30 15:59:00,2,month end,0.00150322,0.000627021,1.64335e-05,19.4436,0.042967,3.15305,oos
2025-07,rolling,2,0.5,0,WULF,RIOT,1,2025-07-21 15:59:00,2025-07-29 15:59:00,6,reversion,0.0164907,0.00097972,5.04786e-05,14.7624,0.00178784,-3.61436,oos
2025-08,rolling,2,0.5,0,PLTR,MSFT,-1,2025-08-05 15:59:00,2025-08-15 15:59:00,8,time stop,-0.0086696,0.000102831,5.06875e-05,16.7495,0.00346194,2.88273,oos
2025-08,rolling,2,0.5,3,CLSK,IREN,1,2025-08-01 15:59:00,2025-08-18 15:59:00,11,time stop,-0.0579052,0.000661994,6.41936e-05,22.8233,0.0318613,-2.77661,oos
2025-08,rolling,2,0.5,1,GOOG,PINS,-1,2025-08-11 15:59:00,2025-08-19 15:59:00,6,reversion,0.00279177,0.000164729,6.59628e-05,23.716,0.00708907,3.64818,oos
2025-08,rolling,2,0.5,2,GOOGL,PINS,-1,2025-08-11 15:59:00,2025-08-19 15:59:00,6,reversion,0.00317863,0.000165789,6.52865e-05,23.6406,0.00745499,3.68204,oos
2025-08,rolling,2,0.5,4,TSLA,RIVN,-1,2025-08-08 15:59:00,2025-08-19 15:59:00,7,reversion,0.0107637,0.00019803,9.0124e-05,30.0432,0.0376397,2.21785,oos
2025-09,rolling,2,0.5,0,MRVL,MU,1,2025-09-03 15:59:00,2025-09-10 15:59:00,5,reversion,0.00232409,0.000248512,1.89452e-05,21.4589,0.00491347,-2.8347,oos
2025-09,rolling,2,0.5,0,MRVL,MU,-1,2025-09-25 15:59:00,2025-09-30 15:59:00,3,month end,-0.00145491,0.00023073,3.75037e-05,21.4589,0.00491347,2.42785,oos
2025-09,rolling,2,0.5,1,MRVL,MCHP,-1,2025-09-25 15:59:00,2025-09-30 15:59:00,3,month end,-0.00370822,0.000243118,1.24269e-05,21.4131,0.00906142,2.96999,oos
2025-10,rolling,2,0.5,1,QCOM,LRCX,1,2025-10-01 15:59:00,2025-10-10 15:59:00,7,stop-loss,-0.0166581,0.000167825,2.13908e-05,18.8697,0.0130312,-2.36811,oos
